﻿<?xml version="1.0" encoding="UTF-8"?>
<?xml-stylesheet href="dbtplenarprotokoll.css" type="text/css" charset="UTF-8"?>
<!DOCTYPE dbtplenarprotokoll SYSTEM "dbtplenarprotokoll.dtd">
<dbtplenarprotokoll herstellung="Satz: Satzweiss.com Print, Web, Software GmbH, Mainzer Straße 116, 66121 Saarbrücken, www.satzweiss.com, Druck: Printsystem GmbH, Schafwäsche 1-3, 71296 Heimsheim, www.printsystem.de" sitzung-datum="14.03.2018" sitzung-ende-uhrzeit="13:38" sitzung-naechste-datum="15.03.2018" sitzung-nr="19" sitzung-start-uhrzeit="09:00" start-seitennr="1595" vertrieb="Bundesanzeiger Verlagsgesellschaft mbH, Postfach 1 0 05 34, 50445 Köln, Telefon (02 21) 97 66 83 40, Fax (02 21) 97 66 83 44, www.betrifft-gesetze.de" wahlperiode="19">
  <vorspann>
    <kopfdaten>
      <plenarprotokoll-nummer>Plenarprotokoll <wahlperiode>19</wahlperiode>/<sitzungsnr>19</sitzungsnr></plenarprotokoll-nummer>
      <herausgeber>Deutscher Bundestag</herausgeber>
      <berichtart>Stenografischer Bericht</berichtart>
      <sitzungstitel><sitzungsnr>19</sitzungsnr>. Sitzung</sitzungstitel>
      <veranstaltungsdaten><ort>Berlin</ort>, <datum date="14.03.2018">Mittwoch, den 14. März 2018</datum></veranstaltungsdaten>
    </kopfdaten>
    <inhaltsverzeichnis>
      <ivz-titel>Inhalt:</ivz-titel>
      <ivz-eintrag>
        <ivz-eintrag-inhalt>Glückwünsche zum Geburtstag des Abgeordneten Dr. Karl-Heinz Brunner </ivz-eintrag-inhalt>
        <a href="S1595" typ="druckseitennummer"><seite>1595</seite> <seitenbereich>A</seitenbereich></a>
      </ivz-eintrag>
      <ivz-block>
        <ivz-block-titel>Tagesordnungspunkt 1:</ivz-block-titel>
        <ivz-eintrag>
          <ivz-eintrag-inhalt>Wahl der Bundeskanzlerin </ivz-eintrag-inhalt>
        </ivz-eintrag>
        <ivz-eintrag>
          <ivz-eintrag-inhalt><redner id="11001938"><name><vorname>Dr. Wolfgang</vorname><nachname>Schäuble</nachname><rolle><rolle_lang>Präsident</rolle_lang><rolle_kurz>Präsident</rolle_kurz></rolle></name></redner>Präsident Dr. Wolfgang Schäuble</ivz-eintrag-inhalt>
          <xref div="A" pnr="1595" ref-type="rede" rid="ID191900100">
            <a href="S1595" typ="druckseitennummer"><seite>1595</seite> <seitenbereich>A</seitenbereich></a>
          </xref>
        </ivz-eintrag>
        <ivz-eintrag>
          <ivz-eintrag-inhalt>Ergebnis </ivz-eintrag-inhalt>
          <a href="S1596" typ="druckseitennummer"><seite>1596</seite> <seitenbereich>A</seitenbereich></a>
        </ivz-eintrag>
        <ivz-eintrag>
          <ivz-eintrag-inhalt><redner id="11001478"><name><titel>Dr.</titel><vorname>Angela</vorname><nachname>Merkel</nachname><fraktion>CDU/CSU</fraktion></name></redner>Dr. Angela Merkel (CDU/CSU)</ivz-eintrag-inhalt>
          <xref div="A" pnr="1596" ref-type="rede" rid="ID191900200">
            <a href="S1596" typ="druckseitennummer"><seite>1596</seite> <seitenbereich>A</seitenbereich></a>
          </xref>
        </ivz-eintrag>
      </ivz-block>
      <ivz-block>
        <ivz-block-titel>Tagesordnungspunkt 2:</ivz-block-titel>
        <ivz-eintrag>
          <ivz-eintrag-inhalt>Eidesleistung der Bundeskanzlerin </ivz-eintrag-inhalt>
        </ivz-eintrag>
        <ivz-eintrag>
          <ivz-eintrag-inhalt><redner id="11001938"><name><vorname>Dr. Wolfgang</vorname><nachname>Schäuble</nachname><rolle><rolle_lang>Präsident</rolle_lang><rolle_kurz>Präsident</rolle_kurz></rolle></name></redner>Präsident Dr. Wolfgang Schäuble</ivz-eintrag-inhalt>
          <xref div="B" pnr="1596" ref-type="rede" rid="ID191900300">
            <a href="S1596" typ="druckseitennummer"><seite>1596</seite> <seitenbereich>B</seitenbereich></a>
          </xref>
        </ivz-eintrag>
        <ivz-eintrag>
          <ivz-eintrag-inhalt><redner id="11001478"><name><titel>Dr.</titel><vorname>Angela</vorname><nachname>Merkel</nachname><rolle><rolle_lang>Bundeskanzlerin</rolle_lang><rolle_kurz>Bundeskanzlerin</rolle_kurz></rolle></name></redner>Dr. Angela Merkel, Bundeskanzlerin</ivz-eintrag-inhalt>
          <xref div="C" pnr="1596" ref-type="rede" rid="ID191900400">
            <a href="S1596" typ="druckseitennummer"><seite>1596</seite> <seitenbereich>C</seitenbereich></a>
          </xref>
        </ivz-eintrag>
      </ivz-block>
      <ivz-block>
        <ivz-block-titel>Tagesordnungspunkt 3:</ivz-block-titel>
        <ivz-eintrag>
          <ivz-eintrag-inhalt>Bekanntgabe der Bildung der Bundesregierung </ivz-eintrag-inhalt>
        </ivz-eintrag>
        <ivz-eintrag>
          <ivz-eintrag-inhalt><redner id="11001938"><name><vorname>Dr. Wolfgang</vorname><nachname>Schäuble</nachname><rolle><rolle_lang>Präsident</rolle_lang><rolle_kurz>Präsident</rolle_kurz></rolle></name></redner>Präsident Dr. Wolfgang Schäuble</ivz-eintrag-inhalt>
          <xref div="A" pnr="1597" ref-type="rede" rid="ID191900500">
            <a href="S1597" typ="druckseitennummer"><seite>1597</seite> <seitenbereich>A</seitenbereich></a>
          </xref>
        </ivz-eintrag>
      </ivz-block>
      <ivz-block>
        <ivz-block-titel>Tagesordnungspunkt 4:</ivz-block-titel>
        <ivz-eintrag>
          <ivz-eintrag-inhalt>Eidesleistung der Bundesminister </ivz-eintrag-inhalt>
        </ivz-eintrag>
        <ivz-eintrag>
          <ivz-eintrag-inhalt><redner id="11001938"><name><vorname>Dr. Wolfgang</vorname><nachname>Schäuble</nachname><rolle><rolle_lang>Präsident</rolle_lang><rolle_kurz>Präsident</rolle_kurz></rolle></name></redner>Präsident Dr. Wolfgang Schäuble</ivz-eintrag-inhalt>
          <xref div="C" pnr="1597" ref-type="rede" rid="ID191900600">
            <a href="S1597" typ="druckseitennummer"><seite>1597</seite> <seitenbereich>C</seitenbereich></a>
          </xref>
        </ivz-eintrag>
        <ivz-eintrag>
          <ivz-eintrag-inhalt><redner id="999990073"><name><vorname>Olaf</vorname><nachname>Scholz</nachname><rolle><rolle_lang>Bundesminister der Finanzen</rolle_lang><rolle_kurz>Bundesminister der Finanzen</rolle_kurz></rolle></name></redner>Olaf Scholz, Bundesminister der Finanzen</ivz-eintrag-inhalt>
          <xref div="D" pnr="1597" ref-type="rede" rid="ID191900700">
            <a href="S1597" typ="druckseitennummer"><seite>1597</seite> <seitenbereich>D</seitenbereich></a>
          </xref>
        </ivz-eintrag>
        <ivz-eintrag>
          <ivz-eintrag-inhalt><redner id="999990075"><name><vorname>Horst</vorname><nachname>Seehofer</nachname><rolle><rolle_lang>Bundesminister des Innern, für Bau und Heimat</rolle_lang><rolle_kurz>Bundesminister des Innern, für Bau und Heimat</rolle_kurz></rolle></name></redner>Horst Seehofer, Bundesminister des Innern, für Bau und Heimat</ivz-eintrag-inhalt>
          <xref div="D" pnr="1597" ref-type="rede" rid="ID191900800">
            <a href="S1597" typ="druckseitennummer"><seite>1597</seite> <seitenbereich>D</seitenbereich></a>
          </xref>
        </ivz-eintrag>
        <ivz-eintrag>
          <ivz-eintrag-inhalt><redner id="11004809"><name><vorname>Heiko</vorname><nachname>Maas</nachname><rolle><rolle_lang>Bundesminister des Auswärtigen</rolle_lang><rolle_kurz>Bundesminister des Auswärtigen</rolle_kurz></rolle></name></redner>Heiko Maas, Bundesminister des Auswärtigen</ivz-eintrag-inhalt>
          <xref div="A" pnr="1598" ref-type="rede" rid="ID191900900">
            <a href="S1598" typ="druckseitennummer"><seite>1598</seite> <seitenbereich>A</seitenbereich></a>
          </xref>
        </ivz-eintrag>
        <ivz-eintrag>
          <ivz-eintrag-inhalt><redner id="11002617"><name><vorname>Peter</vorname><nachname>Altmaier</nachname><rolle><rolle_lang>Bundesminister für Wirtschaft und Energie</rolle_lang><rolle_kurz>Bundesminister für Wirtschaft und Energie</rolle_kurz></rolle></name></redner>Peter Altmaier, Bundesminister für Wirtschaft und Energie</ivz-eintrag-inhalt>
          <xref div="A" pnr="1598" ref-type="rede" rid="ID191901000">
            <a href="S1598" typ="druckseitennummer"><seite>1598</seite> <seitenbereich>A</seitenbereich></a>
          </xref>
        </ivz-eintrag>
        <ivz-eintrag>
          <ivz-eintrag-inhalt><redner id="11004247"><name><titel>Dr.</titel><vorname>Katarina</vorname><nachname>Barley</nachname><rolle><rolle_lang>Bundesministerin der Justiz und für Verbraucherschutz</rolle_lang><rolle_kurz>Bundesministerin der Justiz und für Verbraucherschutz</rolle_kurz></rolle></name></redner>Dr. Katarina Barley, Bundesministerin der Justiz und für Verbraucherschutz</ivz-eintrag-inhalt>
          <xref div="A" pnr="1598" ref-type="rede" rid="ID191901100">
            <a href="S1598" typ="druckseitennummer"><seite>1598</seite> <seitenbereich>A</seitenbereich></a>
          </xref>
        </ivz-eintrag>
        <ivz-eintrag>
          <ivz-eintrag-inhalt><redner id="11003142"><name><vorname>Hubertus</vorname><nachname>Heil</nachname><ortszusatz>(Peine)</ortszusatz><rolle><rolle_lang>Bundesminister für Arbeit und Soziales</rolle_lang><rolle_kurz>Bundesminister für Arbeit und Soziales</rolle_kurz></rolle></name></redner>Hubertus Heil, Bundesminister für Arbeit und Soziales</ivz-eintrag-inhalt>
          <xref div="A" pnr="1598" ref-type="rede" rid="ID191901200">
            <a href="S1598" typ="druckseitennummer"><seite>1598</seite> <seitenbereich>A</seitenbereich></a>
          </xref>
        </ivz-eintrag>
        <ivz-eintrag>
          <ivz-eintrag-inhalt><redner id="11004092"><name><titel>Dr.</titel><vorname>Ursula</vorname><namenszusatz>von der</namenszusatz><nachname>Leyen</nachname><rolle><rolle_lang>Bundesministerin der Verteidigung</rolle_lang><rolle_kurz>Bundesministerin der Verteidigung</rolle_kurz></rolle></name></redner>Dr. Ursula von der Leyen, Bundesministerin der Verteidigung</ivz-eintrag-inhalt>
          <xref div="B" pnr="1598" ref-type="rede" rid="ID191901300">
            <a href="S1598" typ="druckseitennummer"><seite>1598</seite> <seitenbereich>B</seitenbereich></a>
          </xref>
        </ivz-eintrag>
        <ivz-eintrag>
          <ivz-eintrag-inhalt><redner id="999990072"><name><vorname>Julia</vorname><nachname>Klöckner</nachname><rolle><rolle_lang>Bundesministerin für Ernährung und Landwirtschaft</rolle_lang><rolle_kurz>Bundesministerin f ür Ernährung und Landwirtschaft</rolle_kurz></rolle></name></redner>Julia Klöckner, Bundesministerin f ür Ernährung und Landwirtschaft</ivz-eintrag-inhalt>
          <xref div="B" pnr="1598" ref-type="rede" rid="ID191901400">
            <a href="S1598" typ="druckseitennummer"><seite>1598</seite> <seitenbereich>B</seitenbereich></a>
          </xref>
        </ivz-eintrag>
        <ivz-eintrag>
          <ivz-eintrag-inhalt><redner id="999990071"><name><titel>Dr.</titel><vorname>Franziska</vorname><nachname>Giffey</nachname><rolle><rolle_lang>Bundesministerin für Familie, Senioren, Frauen und Jugend</rolle_lang><rolle_kurz>Bundesministerin für Familie, Senioren, Frauen und Jugend</rolle_kurz></rolle></name></redner>Dr. Franziska Giffey, Bundesministerin für Familie, Senioren, Frauen und Jugend</ivz-eintrag-inhalt>
          <xref div="B" pnr="1598" ref-type="rede" rid="ID191901500">
            <a href="S1598" typ="druckseitennummer"><seite>1598</seite> <seitenbereich>B</seitenbereich></a>
          </xref>
        </ivz-eintrag>
        <ivz-eintrag>
          <ivz-eintrag-inhalt><redner id="11003638"><name><vorname>Jens</vorname><nachname>Spahn</nachname><rolle><rolle_lang>Bundesminister für Gesundheit</rolle_lang><rolle_kurz>Bundesminister für Gesundheit .</rolle_kurz></rolle></name></redner>Jens Spahn , Bundesminister für Gesundheit .</ivz-eintrag-inhalt>
          <xref div="B" pnr="1598" ref-type="rede" rid="ID191901600">
            <a href="S1598" typ="druckseitennummer"><seite>1598</seite> <seitenbereich>B</seitenbereich></a>
          </xref>
        </ivz-eintrag>
        <ivz-eintrag>
          <ivz-eintrag-inhalt><redner id="11003625"><name><vorname>Andreas</vorname><nachname>Scheuer</nachname><rolle><rolle_lang>Bundesminister für Verkehr und digitale Infrastruktur</rolle_lang><rolle_kurz>Bundesminister für Verkehr und digitale Infrastruktur</rolle_kurz></rolle></name></redner>Andreas Scheuer, Bundesminister für Verkehr und digitale Infrastruktur</ivz-eintrag-inhalt>
          <xref div="C" pnr="1598" ref-type="rede" rid="ID191901700">
            <a href="S1598" typ="druckseitennummer"><seite>1598</seite> <seitenbereich>C</seitenbereich></a>
          </xref>
        </ivz-eintrag>
        <ivz-eintrag>
          <ivz-eintrag-inhalt><redner id="999990074"><name><vorname>Svenja</vorname><nachname>Schulze</nachname><rolle><rolle_lang>Bundesministerin für Umwelt, Naturschutz und nukleare Sicherheit</rolle_lang><rolle_kurz>Bundesministerin für Umwelt, Naturschutz und nukleare Sicherheit</rolle_kurz></rolle></name></redner>Svenja Schulze, Bundesministerin für Umwelt, Naturschutz und nukleare Sicherheit</ivz-eintrag-inhalt>
          <xref div="C" pnr="1598" ref-type="rede" rid="ID191901800">
            <a href="S1598" typ="druckseitennummer"><seite>1598</seite> <seitenbereich>C</seitenbereich></a>
          </xref>
        </ivz-eintrag>
        <ivz-eintrag>
          <ivz-eintrag-inhalt><redner id="11004323"><name><vorname>Anja</vorname><nachname>Karliczek</nachname><rolle><rolle_lang>Bundesministerin für Bildung und Forschung</rolle_lang><rolle_kurz>Bundesministerin für Bildung und Forschung</rolle_kurz></rolle></name></redner>Anja Karliczek, Bundesministerin für Bildung und Forschung</ivz-eintrag-inhalt>
          <xref div="C" pnr="1598" ref-type="rede" rid="ID191901900">
            <a href="S1598" typ="druckseitennummer"><seite>1598</seite> <seitenbereich>C</seitenbereich></a>
          </xref>
        </ivz-eintrag>
        <ivz-eintrag>
          <ivz-eintrag-inhalt><redner id="11002742"><name><titel>Dr.</titel><vorname>Gerd</vorname><nachname>Müller</nachname><rolle><rolle_lang>Bundesminister für wirtschaftliche Zusammenarbeit und Entwicklung</rolle_lang><rolle_kurz>Bundesminister für wirtschaftliche Zusammenarbeit und Entwicklung</rolle_kurz></rolle></name></redner>Dr. Gerd Müller, Bundesminister für wirtschaftliche Zusammenarbeit und Entwicklung</ivz-eintrag-inhalt>
          <xref div="C" pnr="1598" ref-type="rede" rid="ID191902000">
            <a href="S1598" typ="druckseitennummer"><seite>1598</seite> <seitenbereich>C</seitenbereich></a>
          </xref>
        </ivz-eintrag>
        <ivz-eintrag>
          <ivz-eintrag-inhalt><redner id="11003510"><name><titel>Dr.</titel><vorname>Helge</vorname><nachname>Braun</nachname><rolle><rolle_lang>Bundesminister für besondere Aufgaben</rolle_lang><rolle_kurz>Bundesminister für besondere Aufgaben</rolle_kurz></rolle></name></redner>Dr. Helge Braun, Bundesminister für besondere Aufgaben</ivz-eintrag-inhalt>
          <xref div="D" pnr="1598" ref-type="rede" rid="ID191902100">
            <a href="S1598" typ="druckseitennummer"><seite>1598</seite> <seitenbereich>D</seitenbereich></a>
          </xref>
        </ivz-eintrag>
      </ivz-block>
      <ivz-eintrag>
        <ivz-eintrag-inhalt>Nächste Sitzung</ivz-eintrag-inhalt>
        <a href="S1598" typ="druckseitennummer"><seite>1598</seite> <seitenbereich>D</seitenbereich></a>
      </ivz-eintrag>
      <ivz-block>
        <ivz-block-titel>Anlage 1</ivz-block-titel>
        <ivz-eintrag>
          <ivz-eintrag-inhalt>Liste der entschuldigten Abgeordneten </ivz-eintrag-inhalt>
          <a href="S1599" typ="druckseitennummer"><seite>1599</seite> <seitenbereich>A</seitenbereich></a>
        </ivz-eintrag>
      </ivz-block>
      <ivz-block>
        <ivz-block-titel>Anlage 2</ivz-block-titel>
        <ivz-eintrag>
          <ivz-eintrag-inhalt>Namensverzeichnis der Mitglieder des Deutschen Bundestages, die an der Wahl der Bundeskanzlerin teilgenommen haben </ivz-eintrag-inhalt>
        </ivz-eintrag>
        <ivz-eintrag>
          <ivz-eintrag-inhalt>(Tagesordnungspunkt 1) </ivz-eintrag-inhalt>
          <a href="S1599" typ="druckseitennummer"><seite>1599</seite> <seitenbereich>A</seitenbereich></a>
        </ivz-eintrag>
      </ivz-block>
    </inhaltsverzeichnis>
  </vorspann>
  <sitzungsverlauf>
    <sitzungsbeginn sitzung-start-uhrzeit="09:00">
      <a id="S1595" name="S1595" typ="druckseitennummer"/>
      <p klasse="N">Präsident Dr. Wolfgang Schäuble:</p>
      <p klasse="J_1">Guten Morgen, liebe Kolleginnen und Kollegen! Bitte nehmen Sie Platz. Die Sitzung ist eröffnet.</p>
      <p klasse="J">Vor Eintritt in die Tagesordnung gratuliere ich dem Kollegen Dr. Karl-Heinz Brunner sehr herzlich zu seinem heutigen 65. Geburtstag.</p>
      <kommentar>(Beifall)</kommentar>
      <p klasse="O">Alle guten Wünsche im Namen des ganzen Hauses!</p>
      <p klasse="T">Dann rufe ich den Ta gesordnungspunkt 1 auf:</p>
    </sitzungsbeginn>
    <tagesordnungspunkt top-id="Tagesordnungspunkt 1">
      <p klasse="T_fett">Wahl der Bundeskanzlerin</p>
      <p klasse="J">Der Herr Bundespräsident hat mir mitgeteilt:</p>
      <p klasse="Z">Gemäß Artikel 63 Absatz 1 des Grundgesetzes für die Bundesrepublik Deutschland schlage ich dem Deutschen Bundestag vor, Frau Dr. Angela Merkel zur Bundeskanzlerin zu wählen.</p>
      <kommentar>(Beifall bei der CDU/CSU sowie bei Abgeordneten der SPD)</kommentar>
      <p klasse="J">Ich bitte jetzt um Aufmerksamkeit für einige Hinweise zum Wahlverfahren. Nach unserer Geschäftsordnung wird die Bundeskanzlerin mit verdeckten Stimmkarten, also geheim, gewählt. Gewählt ist, wer die Stimmen der Mehrheit der Mitglieder des Bundestags, also mindestens 355 Stimmen, erhält. Sie benötigen für diese Wahl Ihren Wahlausweis aus Ihrem Stimmkartenfach in der Lobby. Bitte kontrollieren Sie, ob der Wahlausweis Ihren Namen trägt. Die Stimmkarte und den amtlichen Wahlumschlag erhalten Sie nach Aufruf Ihres Namens von den Schriftführerinnen und Schriftführern an den Ausgabetischen hier oben neben den Wahlkabinen.</p>
      <p klasse="J">Nachdem Sie die Stimmkarte in einer Wahlkabine gekennzeichnet und dort in den Wahlumschlag gelegt haben, gehen Sie bitte zu den Wahlurnen hier vor dem Rednerpult. Sie dürfen Ihre Stimmkarte nur in der Wahlkabine ankreuzen, und Sie müssen Ihre Stimmkarte ebenfalls noch in der Wahlkabine in den Umschlag legen. Die Schriftführerinnen und Schriftführer sind verpflichtet, jeden, der seine Stimmkarte außerhalb der Wahlkabine kennzeichnet oder in den Umschlag legt, zurückzuweisen. Die Stimmabgabe kann aber in einem solchen Fall vorschriftsmäßig wiederholt werden.</p>
      <p klasse="J">Gültig sind nur Stimmkarten mit einem Kreuz bei „ja“, „nein“ oder „enthalte mich“. Ungültig sind Stimmen auf nichtamtlichen Stimmkarten sowie Stimmkarten, die mehr als ein Kreuz, kein Kreuz, andere Namen oder Zusätze enthalten.</p>
      <p klasse="J">Bevor Sie den Umschlag mit der Stimmkarte in eine der Wahlurnen werfen, übergeben Sie bitte Ihren Wahlausweis einer der Schriftführerinnen oder einem der Schriftführer an der Wahlurne. Der Nachweis der Teilnahme an der Wahl kann nur durch die Abgabe des Wahlausweises erbracht werden.</p>
      <p klasse="J">Jetzt bitte ich die eingeteilten Schriftführerinnen und Schriftführer, die vorgesehenen Plätze einzunehmen. Die beiden Schriftführer neben mir werden nun Ihre Namen in alphabetischer Reihenfolge aufrufen. Ich bitte Sie, den Namensaufruf zu verfolgen, und ich bitte Sie, sich erst nach dem Aufruf Ihres Namens zur Entgegennahme der Stimmkarte zu den Ausgabetischen vor den Wahlkabinen zu begeben.</p>
      <p klasse="J">Haben alle Schriftführerinnen und Schriftführer ihre Plätze eingenommen? – Jetzt bekomme ich die Meldung, dass alle Schriftführerinnen und Schriftführer ihre Plätze eingenommen haben.</p>
      <p klasse="J">Damit eröffne ich die Wahl und bitte, mit dem Aufruf der Namen zu beginnen.</p>
      <kommentar>(Namensaufruf und Wahl)</kommentar>
      <p klasse="J">Meine Damen und Herren, der Namensaufruf ist beendet. Ich darf fragen, ob alle Mitglieder – auch die Schriftführerinnen und Schriftführer – ihre Stimme abgegeben haben. – Ich frage noch einmal: Haben alle Kolleginnen und Kollegen die Gelegenheit gehabt, ihre Stimme abzugeben? – Das ist offensichtlich der Fall. Dann schließe ich die Wahl und bitte die Schriftführerinnen und Schriftführer, mit der Auszählung zu beginnen.</p>
      <p klasse="J">Zur Auszählung unterbreche ich die Sitzung für etwa 30 Minuten. Der Wiederbeginn der Sitzung wird rechtzeitig durch Klingelsignal angekündigt.<a id="S1596" name="S1596" typ="druckseitennummer"/></p>
      <p klasse="J">Die Sitzung ist unterbrochen.</p>
      <kommentar>(Unterbrechung von 9.35 bis 9.52 Uhr)</kommentar>
      <rede id="ID191900100">
        <p klasse="redner"><redner id="11001938"><name><vorname>Dr. Wolfgang</vorname><nachname>Schäuble</nachname><rolle><rolle_lang>Präsident</rolle_lang><rolle_kurz>Präsident</rolle_kurz></rolle></name></redner>Präsident Dr. Wolfgang Schäuble:</p>
        <p klasse="J_1">Liebe Kolleginnen und Kollegen, ich darf Sie bitten, wieder Platz zu nehmen. – Ich eröffne die unterbrochene Sitzung wieder.</p>
        <p klasse="J">Ich gebe das von den Schriftführerinnen und Schriftführern ermittelte Ergebnis der Wahl bekannt: abgegebene Stimmen  692, ungültige Stimmen 4, gültige Stimmen 688. Mit Ja haben gestimmt 364, mit Nein haben gestimmt 315, Enthaltungen 9 . Frau Dr. Angela Merkel hat damit die erforderliche Mehrheit von mindestens 355 Stimmen erhalten und ist gemäß Artikel 63 Absatz 2 des Grundgesetzes zur Bundeskanzlerin gewählt.<sup>1</sup><fussnote>  Namensverzeichnis der Teilnehmer an der Wahl siehe Anlage 2</fussnote></p>
        <kommentar>(Langanhaltender Beifall bei der CDU/CSU und der SPD – Beifall beim BÜNDNIS 90/DIE GRÜNEN sowie bei Abgeordneten der FDP – Die Abgeordneten der CDU/CSU erheben sich)</kommentar>
        <p klasse="J">Frau Abgeordnete Dr. Merkel, ich frage Sie: Nehmen Sie die Wahl an?</p>
      </rede>
      <rede id="ID191900200">
        <p klasse="redner"><redner id="11001478"><name><titel>Dr.</titel><vorname>Angela</vorname><nachname>Merkel</nachname><fraktion>CDU/CSU</fraktion></name></redner>Dr. Angela Merkel (CDU/CSU):</p>
        <p klasse="J_1">Ja, Herr Präsident, ich nehme die Wahl an.</p>
        <kommentar>(Beifall bei der CDU/CSU sowie bei Abgeordneten der SPD – Abgeordnete aller Fraktionen beglückwünschen Abg. Dr. Angela Merkel – Es werden Blumensträuße überreicht)</kommentar>
        <name>Präsident Dr. Wolfgang Schäuble:</name>
        <p klasse="J_1">Frau Bundeskanzlerin, ich gratuliere Ihnen im Namen des ganzen Hauses zu Ihrer Wahl. Ich wünsche Ihnen, Frau Bundeskanzlerin, von Herzen Kraft und Erfolg und Gottes Segen bei der Bewältigung Ihrer großen Aufgabe.</p>
        <p klasse="J">Ich werde das Ergebnis der Wahl unverzüglich dem Herrn Bundespräsidenten mitteilen.</p>
        <p klasse="J">Um 12 Uhr findet die Eidesleistung der Bundeskanzlerin statt. Bis dahin unterbreche ich die Sitzung.</p>
        <kommentar>(Unterbrechung von 9.55 bis 12.00 Uhr)</kommentar>
        <name>Präsident Dr. Wolfgang Schäuble:</name>
        <p klasse="J_1">Liebe Kolleginnen und Kollegen, ich darf Sie bitten, Platz zu nehmen. – Die unterbrochene Sitzung ist wieder eröffnet.</p>
      </rede>
      <p klasse="T">Ich rufe d en Tagesordnungspunkt 2 auf:</p>
    </tagesordnungspunkt>
    <tagesordnungspunkt top-id="Tagesordnungspunkt 2">
      <rede id="ID191900300">
        <p klasse="redner"><redner id="11001938"><name><vorname>Dr. Wolfgang</vorname><nachname>Schäuble</nachname><rolle><rolle_lang>Präsident</rolle_lang><rolle_kurz>Präsident</rolle_kurz></rolle></name></redner>Präsident Dr. Wolfgang Schäuble:</p>
        <p klasse="T_fett">Eidesleistung der Bundeskanzlerin</p>
        <p klasse="J">Der Herr Bundespräsident hat mir mit Schreiben vom heutigen Tage mitgeteilt:</p>
        <p klasse="Z">Gemäß Artikel 63 Absatz 2 des Grundgesetzes für die Bundesrepublik Deutschland habe ich heute Frau Abgeordnete Dr. Angela Merkel zur Bundeskanzlerin ernannt.</p>
        <p klasse="J">Nach Artikel 64 Absatz 2 des Grundgesetzes leistet die Bundeskanzlerin bei der Amtsübernahme vor dem Deutschen Bundestag den in Artikel 56 des Grundgesetzes vorgesehenen Eid.</p>
        <p klasse="J">Frau Bundeskanzlerin, ich bitte Sie, zur Eidesleistung zu mir zu kommen.</p>
        <kommentar>(Die Anwesenden erheben sich)</kommentar>
        <p klasse="J">Frau Bundeskanzlerin, ich habe hier die Urschrift unseres Grundgesetzes in Händen und darf Sie bitten, den in Artikel 56 vorgesehenen Eid zu sprechen.</p>
      </rede>
      <rede id="ID191900400">
        <p klasse="redner"><redner id="11001478"><name><titel>Dr.</titel><vorname>Angela</vorname><nachname>Merkel</nachname><rolle><rolle_lang>Bundeskanzlerin</rolle_lang><rolle_kurz>Bundeskanzlerin</rolle_kurz></rolle></name></redner>Dr. Angela Merkel, Bundeskanzlerin:</p>
        <p klasse="J_1">Ich schwöre, dass ich meine Kraft dem Wohle des deutschen Volkes widmen, seinen Nutzen mehren, Schaden von ihm wenden, das Grundgesetz und die Gesetze des Bundes wahren und verteidigen, meine Pflichten gewissenhaft erfüllen und Gerechtigkeit gegen jedermann üben werde. So wahr mir Gott helfe.</p>
        <kommentar>(Beifall bei der CDU/CSU, der SPD, der FDP und dem BÜNDNIS 90/DIE GRÜNEN)</kommentar>
        <name>Präsident Dr. Wolfgang Schäuble:</name>
        <p klasse="J_1">Ich darf Sie bitten, wieder Platz zu nehmen.</p>
        <p klasse="J">Ich stelle fest, dass die Frau Bundeskanzlerin den vorgeschriebenen Eid vor dem Deutschen Bundestag geleistet hat.</p>
        <kommentar>(Auf der Tribüne wird ein Transparent gezeigt – Volker Kauder [CDU/CSU]: Schämt euch!)</kommentar>
        <p klasse="O">– Was ist los?</p>
        <kommentar>(Claudia Roth [Augsburg] [BÜNDNIS 90/DIE GRÜNEN]: Unfassbar! Oben war ein Transparent!)</kommentar>
        <p klasse="O">– Wenn Sie auf der Tribüne bitte keine Transparente hochhalten!</p>
        <kommentar>(Britta Haßelmann [BÜNDNIS 90/DIE GRÜNEN]: Der Mann mit dem lila Hemd!)</kommentar>
        <p klasse="O">Anderenfalls muss ich die Saaldiener bitten, für Ordnung zu sorgen.</p>
        <p klasse="J">Liebe Kolleginnen und Kollegen, jedenfalls hat die Frau Bundeskanzlerin den vorgeschriebenen Eid vor dem Deutschen Bundestag geleistet. Frau Bundeskanzlerin, ich darf Ihnen noch einmal alle guten Wünsche auf Ihren schweren Weg mitgeben.</p>
        <kommentar>(Beifall bei der CDU/CSU, der SPD, der FDP und dem BÜNDNIS 90/DIE GRÜNEN sowie bei Abgeordneten der LINKEN)</kommentar>
        <p klasse="J">Bevor ich die Sitzung unterbreche, muss ich noch folgenden Sachverhalt ansprechen: Der Abgeordnete Petr Bystron hat in der Wahlkabine den von ihm ausgefüllten Stimmzettel samt seinem Wahlausweis fotografiert und dieses Foto veröffentlicht.</p>
        <kommentar>(Volker Kauder [CDU/CSU]: Unglaublich!)<a id="S1597" name="S1597" typ="druckseitennummer"/></kommentar>
        <p klasse="O">Er hat damit bewusst gegen den Grundsatz der Geheimhaltung der Wahl verstoßen. Herr Abgeordneter Bystron, wegen dieser schwerwiegenden Verletzung der Ordnung und Würde des Bundestages verhänge ich gegen Sie gemäß § 37 unserer Geschäftsordnung ein Ordnungsgeld in Höhe von 1 000 Euro.</p>
        <kommentar>(Beifall bei der CDU/CSU, der SPD, der FDP und dem BÜNDNIS 90/DIE GRÜNEN sowie bei Abgeordneten der AfD und der LINKEN – Volker Kauder [CDU/CSU]: Schämt euch!)</kommentar>
        <p klasse="J">Die Sitzung wird um 13.30 Uhr mit der Bekanntgabe der vom Bundespräsidenten ernannten Mitglieder der neuen Bundesregierung und ihrer Vereidigung fortgesetzt. Bis dahin unterbreche ich die Sitzung.</p>
        <p klasse="T_NaS">(Unterbrechung von 12.05 bis 13.30 Uhr)</p>
        <name>Präsident Dr. Wolfgang Schäuble:</name>
        <p klasse="J_1">Liebe Kolleginnen und Kollegen, ich darf Sie bitten, Platz zu nehmen, damit wir die unterbrochene Sitzung fortsetzen können.</p>
      </rede>
      <p klasse="T">Ich eröffne die unterbrochene Sitzung wieder und rufe den Tagesordnungspunkt 3 auf:</p>
    </tagesordnungspunkt>
    <tagesordnungspunkt top-id="Tagesordnungspunkt 3">
      <rede id="ID191900500">
        <p klasse="redner"><redner id="11001938"><name><vorname>Dr. Wolfgang</vorname><nachname>Schäuble</nachname><rolle><rolle_lang>Präsident</rolle_lang><rolle_kurz>Präsident</rolle_kurz></rolle></name></redner>Präsident Dr. Wolfgang Schäuble:</p>
        <p klasse="T_fett">Bekanntgabe der Bildung der Bundesregierung</p>
        <p klasse="J">Der Herr Bundespräsident hat mir hierzu mit Schreiben vom heutigen Tage mitgeteilt:</p>
        <p klasse="Z">Gemäß Artikel 64 Absatz 1 des Grundgesetzes für die Bundesrepublik Deutschland habe ich heute auf Vorschlag der Frau Bundeskanzlerin ernannt:</p>
        <p klasse="Z">Herrn Olaf Scholz  zum Bundesminister der Finanzen,</p>
        <p klasse="Z">Herrn Horst Seehofer  zum Bundesminister des Innern, für Bau und Heimat,</p>
        <p klasse="Z">Herrn Heiko Maas  zum Bundesminister des Auswärtigen,</p>
        <p klasse="Z">Herrn Peter Altmaier  zum Bundesminister für Wirtschaft und Energie,</p>
        <p klasse="Z">Frau Dr. Katarina Barley  zur Bundesministerin der Justiz und für Verbraucherschutz,</p>
        <p klasse="Z">Herrn Hubertus Heil  zum Bundesminister für Arbeit und Soziales,</p>
        <p klasse="Z">Frau Dr. Ursula von der Leyen  zur Bundesministerin der Verteidigung,</p>
        <p klasse="Z">Frau Julia Klöckner  zur Bundesministerin für Ernährung und Landwirtschaft,</p>
        <p klasse="Z">Frau Dr. Franziska Giffey  zur Bundesministerin für Familie, Senioren, Frauen und Jugend,</p>
        <p klasse="Z">Herrn Jens Spahn  zum Bundesminister für Gesundheit,</p>
        <p klasse="Z">Herrn Andreas Scheuer  zum Bundesminister für Verkehr und digitale Infrastruktur,</p>
        <p klasse="Z">Frau Svenja Schulze  zur Bundesministerin für Umwelt, Naturschutz und nukleare Sicherheit,</p>
        <p klasse="Z">Frau Anja Karliczek  zur Bundesministerin für Bildung und Forschung,</p>
        <p klasse="Z">Herrn Dr. Gerd Müller  zum Bundesminister für wirtschaftliche Zusammenarbeit und Entwicklung</p>
        <p klasse="Z">sowie</p>
        <p klasse="Z">Herrn Dr. Helge Braun  zum Bundesminister für besondere Aufgaben.</p>
        <p klasse="T">Jetzt rufe ich den Tagesordnun gspunkt 4 auf:</p>
      </rede>
    </tagesordnungspunkt>
    <tagesordnungspunkt top-id="Tagesordnungspunkt 4">
      <rede id="ID191900600">
        <p klasse="redner"><redner id="11001938"><name><vorname>Dr. Wolfgang</vorname><nachname>Schäuble</nachname><rolle><rolle_lang>Präsident</rolle_lang><rolle_kurz>Präsident</rolle_kurz></rolle></name></redner>Präsident Dr. Wolfgang Schäuble:</p>
        <p klasse="T_fett">Eidesleistung der Bundesminister</p>
        <p klasse="J">Nach Artikel 64 Absatz 2 des Grundgesetzes leisten die Bundesministerinnen und Bundesminister bei der Amtsübernahme vor dem Deutschen Bundestag den in Artikel 56 des Grundgesetzes vorgesehenen Eid. Die Eidesformel lautet:</p>
        <p klasse="Z">Ich schwöre, dass ich meine Kraft dem Wohle des deutschen Volkes widmen, seinen Nutzen mehren, Schaden von ihm wenden, das Grundgesetz und die Gesetze des Bundes wahren und verteidigen, meine Pflichten gewissenhaft erfüllen und Gerechtigkeit gegen jedermann üben werde.</p>
        <p klasse="J">Ich werde nun die Bundesministerinnen und Bundesminister in der Reihenfolge der Ministerien zu mir zum Verteidigungs- –</p>
        <kommentar>(Heiterkeit)</kommentar>
        <p klasse="O">– Es heißt tatsächlich „Vereidigungsmikrofon“. Zu diesem Mikrofon werde ich die Bundesministerinnen und Bundesminister in der Reihenfolge der Ministerien bitten. Die Leistung des Eides erfolgt mit den Worten „Ich schwöre es, so wahr mir Gott helfe“ oder „Ich schwöre es“.</p>
        <kommentar>(Die Anwesenden erheben sich)</kommentar>
        <p klasse="J">Ich rufe zunächst auf: Herrn Bundesminister der Finanzen, Olaf Scholz.</p>
      </rede>
      <rede id="ID191900700">
        <p klasse="redner"><redner id="999990073"><name><vorname>Olaf</vorname><nachname>Scholz</nachname><rolle><rolle_lang>Bundesminister der Finanzen</rolle_lang><rolle_kurz>Bundesminister der Finanzen</rolle_kurz></rolle></name></redner>Olaf Scholz, Bundesminister der Finanzen:</p>
        <p klasse="J_1">Ich schwöre es.</p>
        <name>Präsident Dr. Wolfgang Schäuble:</name>
        <p klasse="J_1">Herr Bundesminister des Innern, für Bau und Heimat, Horst Seehofer.</p>
      </rede>
      <rede id="ID191900800">
        <p klasse="redner"><redner id="999990075"><name><vorname>Horst</vorname><nachname>Seehofer</nachname><rolle><rolle_lang>Bundesminister des Innern, für Bau und Heimat</rolle_lang><rolle_kurz>Bundesminister des Innern, für Bau und Heimat</rolle_kurz></rolle></name></redner>Horst Seehofer, Bundesminister des Innern, für Bau und Heimat:</p>
        <p klasse="J_1">Ich schwöre es, so wahr mir Gott helfe.</p>
        <name>Präsident Dr. Wolfgang Schäuble:</name>
        <p klasse="J_1">Herr Bundesminister des Auswärtigen, Heiko Maas.<a id="S1598" name="S1598" typ="druckseitennummer"/></p>
      </rede>
      <rede id="ID191900900">
        <p klasse="redner"><redner id="11004809"><name><vorname>Heiko</vorname><nachname>Maas</nachname><rolle><rolle_lang>Bundesminister des Auswärtigen</rolle_lang><rolle_kurz>Bundesminister des Auswärtigen</rolle_kurz></rolle></name></redner>Heiko Maas, Bundesminister des Auswärtigen:</p>
        <p klasse="J_1">Ich schwöre es, so wahr mir Gott helfe.</p>
        <name>Präsident Dr. Wolfgang Schäuble:</name>
        <p klasse="J_1">Herr Bundesminister für Wirtschaft und Energie, Peter Altmaier.</p>
      </rede>
      <rede id="ID191901000">
        <p klasse="redner"><redner id="11002617"><name><vorname>Peter</vorname><nachname>Altmaier</nachname><rolle><rolle_lang>Bundesminister für Wirtschaft und Energie</rolle_lang><rolle_kurz>Bundesminister für Wirtschaft und Energie</rolle_kurz></rolle></name></redner>Peter Altmaier, Bundesminister für Wirtschaft und Energie:</p>
        <p klasse="J_1">Ich schwöre es, so wahr mir Gott helfe.</p>
        <name>Präsident Dr. Wolfgang Schäuble:</name>
        <p klasse="J_1">Frau Bundesministerin der Justiz und für Verbraucherschutz, Dr. Katarina Barley.</p>
      </rede>
      <rede id="ID191901100">
        <p klasse="redner"><redner id="11004247"><name><titel>Dr.</titel><vorname>Katarina</vorname><nachname>Barley</nachname><rolle><rolle_lang>Bundesministerin der Justiz und für Verbraucherschutz</rolle_lang><rolle_kurz>Bundesministerin der Justiz und für Verbraucherschutz</rolle_kurz></rolle></name></redner>Dr. Katarina Barley, Bundesministerin der Justiz und für Verbraucherschutz:</p>
        <p klasse="J_1">Ich schwöre es.</p>
        <name>Präsident Dr. Wolfgang Schäuble:</name>
        <p klasse="J_1">Herr Bundesminister für Arbeit und Soziales, Hubertus Heil.</p>
      </rede>
      <rede id="ID191901200">
        <p klasse="redner"><redner id="11003142"><name><vorname>Hubertus</vorname><nachname>Heil</nachname><ortszusatz>(Peine)</ortszusatz><rolle><rolle_lang>Bundesminister für Arbeit und Soziales</rolle_lang><rolle_kurz>Bundesminister für Arbeit und Soziales</rolle_kurz></rolle></name></redner>Hubertus Heil, Bundesminister für Arbeit und Soziales:</p>
        <p klasse="J_1">Herr Präsident, ich schwöre es, so wahr mir Gott helfe.</p>
        <name>Präsident Dr. Wolfgang Schäuble:</name>
        <p klasse="J_1">Frau Bundesministerin der Verteidigung, Dr. Ursula von der Leyen.</p>
      </rede>
      <rede id="ID191901300">
        <p klasse="redner"><redner id="11004092"><name><titel>Dr.</titel><vorname>Ursula</vorname><namenszusatz>von der</namenszusatz><nachname>Leyen</nachname><rolle><rolle_lang>Bundesministerin der Verteidigung</rolle_lang><rolle_kurz>Bundesministerin der Verteidigung</rolle_kurz></rolle></name></redner>Dr. Ursula von der Leyen, Bundesministerin der Verteidigung:</p>
        <p klasse="J_1">Herr Präsident, ich schwöre es, so wahr mir Gott helfe.</p>
        <name>Präsident Dr. Wolfgang Schäuble:</name>
        <p klasse="J_1">Frau Bundesministerin für Ernährung und Landwirtschaft, Julia Klöckner.</p>
      </rede>
      <rede id="ID191901400">
        <p klasse="redner"><redner id="999990072"><name><vorname>Julia</vorname><nachname>Klöckner</nachname><rolle><rolle_lang>Bundesministerin für Ernährung und Landwirtschaft</rolle_lang><rolle_kurz>Bundesministerin f ür Ernährung und Landwirtschaft</rolle_kurz></rolle></name></redner>Julia Klöckner, Bundesministerin für Ernährung und Landwirtschaft:</p>
        <p klasse="J_1">Herr Präsident, ich schwöre es, so wahr mir Gott helfe.</p>
        <name>Präsident Dr. Wolfgang Schäuble:</name>
        <p klasse="J_1">Frau Bundesministerin für Familie, Senioren, Frauen und Jugend, Dr. Franziska Giffey.</p>
      </rede>
      <rede id="ID191901500">
        <p klasse="redner"><redner id="999990071"><name><titel>Dr.</titel><vorname>Franziska</vorname><nachname>Giffey</nachname><rolle><rolle_lang>Bundesministerin für Familie, Senioren, Frauen und Jugend</rolle_lang><rolle_kurz>Bundesministerin für Familie, Senioren, Frauen und Jugend</rolle_kurz></rolle></name></redner>Dr. Franziska Giffey, Bundesministerin für Familie, Senioren, Frauen und Jugend:</p>
        <p klasse="J_1">Ich schwöre es, so wahr mir Gott helfe.</p>
        <name>Präsident Dr. Wolfgang Schäuble:</name>
        <p klasse="J_1">Herr Bundesminister für Gesundheit, Jens Spahn.</p>
      </rede>
      <rede id="ID191901600">
        <p klasse="redner"><redner id="11003638"><name><vorname>Jens</vorname><nachname>Spahn</nachname><rolle><rolle_lang>Bundesminister für Gesundheit</rolle_lang><rolle_kurz>Bundesminister für Gesundheit .</rolle_kurz></rolle></name></redner>Jens Spahn, Bundesminister für Gesundheit:</p>
        <p klasse="J_1">Herr Präsident, ich schwöre es, so wahr mir Gott helfe.</p>
        <name>Präsident Dr. Wolfgang Schäuble:</name>
        <p klasse="J_1">Herr Bundesminister für Verkehr und digitale Infrastruktur, Andreas Scheuer.</p>
      </rede>
      <rede id="ID191901700">
        <p klasse="redner"><redner id="11003625"><name><vorname>Andreas</vorname><nachname>Scheuer</nachname><rolle><rolle_lang>Bundesminister für Verkehr und digitale Infrastruktur</rolle_lang><rolle_kurz>Bundesminister für Verkehr und digitale Infrastruktur</rolle_kurz></rolle></name></redner>Andreas Scheuer, Bundesminister für Verkehr und digitale Infrastruktur:</p>
        <p klasse="J_1">Herr Präsident, ich schwöre es, so wahr mir Gott helfe.</p>
        <name>Präsident Dr. Wolfgang Schäuble:</name>
        <p klasse="J_1">Frau Bundesministerin für Umwelt, Naturschutz und nukleare Sicherheit, Svenja Schulze.</p>
      </rede>
      <rede id="ID191901800">
        <p klasse="redner"><redner id="999990074"><name><vorname>Svenja</vorname><nachname>Schulze</nachname><rolle><rolle_lang>Bundesministerin für Umwelt, Naturschutz und nukleare Sicherheit</rolle_lang><rolle_kurz>Bundesministerin für Umwelt, Naturschutz und nukleare Sicherheit</rolle_kurz></rolle></name></redner>Svenja Schulze, Bundesministerin für Umwelt, Naturschutz und nukleare Sicherheit:</p>
        <p klasse="J_1">Herr Präsident, ich schwöre es.</p>
        <name>Präsident Dr. Wolfgang Schäuble:</name>
        <p klasse="J_1">Frau Bundesministerin für Bildung und Forschung, Anja Karliczek.</p>
      </rede>
      <rede id="ID191901900">
        <p klasse="redner"><redner id="11004323"><name><vorname>Anja</vorname><nachname>Karliczek</nachname><rolle><rolle_lang>Bundesministerin für Bildung und Forschung</rolle_lang><rolle_kurz>Bundesministerin für Bildung und Forschung</rolle_kurz></rolle></name></redner>Anja Karliczek, Bundesministerin für Bildung und Forschung:</p>
        <p klasse="J_1">Herr Präsident, ich schwöre es, so wahr mir Gott helfe.</p>
        <name>Präsident Dr. Wolfgang Schäuble:</name>
        <p klasse="J_1">Herr Bundesminister für wirtschaftliche Zusammenarbeit und Entwicklung, Dr. Gerd Müller.</p>
      </rede>
      <rede id="ID191902000">
        <p klasse="redner"><redner id="11002742"><name><titel>Dr.</titel><vorname>Gerd</vorname><nachname>Müller</nachname><rolle><rolle_lang>Bundesminister für wirtschaftliche Zusammenarbeit und Entwicklung</rolle_lang><rolle_kurz>Bundesminister für wirtschaftliche Zusammenarbeit und Entwicklung</rolle_kurz></rolle></name></redner>Dr. Gerd Müller, Bundesminister für wirtschaftliche Zusammenarbeit und Entwicklung:</p>
        <p klasse="J_1">Herr Präsident, ich schwöre es, so wahr mir Gott helfe.</p>
        <name>Präsident Dr. Wolfgang Schäuble:</name>
        <p klasse="J_1">Herr Bundesminister für besondere Aufgaben, Dr. Helge Braun.</p>
      </rede>
      <rede id="ID191902100">
        <p klasse="redner"><redner id="11003510"><name><titel>Dr.</titel><vorname>Helge</vorname><nachname>Braun</nachname><rolle><rolle_lang>Bundesminister für besondere Aufgaben</rolle_lang><rolle_kurz>Bundesminister für besondere Aufgaben</rolle_kurz></rolle></name></redner>Dr. Helge Braun, Bundesminister für besondere Aufgaben:</p>
        <p klasse="J_1">Herr Präsident, ich schwöre es, so wahr mir Gott helfe.</p>
        <kommentar>(Beifall bei der CDU/CSU, der SPD, der FDP und dem BÜNDNIS 90/DIE GRÜNEN sowie bei Abgeordneten der LINKEN)</kommentar>
        <name>Präsident Dr. Wolfgang Schäuble:</name>
        <p klasse="J_1">Verehrte Kolleginnen und Kollegen, die Mitglieder der Bundesregierung haben den nach Artikel 64 Absatz 2 des Grundgesetzes vorgeschriebenen Eid vor dem Deutschen Bundestag geleistet. Ich spreche allen Mitgliedern der Bundesregierung noch einmal persönlich und im Namen des Hauses die besten Wünsche für die übernommenen Aufgaben aus.</p>
        <p klasse="J">Wir sind damit am Schluss der heutigen Tagesordnung.</p>
        <p klasse="J">Ich berufe die nächste Sitzung des Deutschen Bundestages auf morgen, Donnerstag, den 15. März 2018, 9 Uhr, ein.</p>
        <p klasse="J">Die Sitzung ist geschlossen.</p>
        <p klasse="T_Beratung">(Schluss: 13.38 Uhr)</p>
      </rede>
    </tagesordnungspunkt>
    <sitzungsende sitzung-ende-uhrzeit="13:38"/>
  </sitzungsverlauf>
  <anlagen>
    <anlagen-titel>Anlagen zum Stenografischen Bericht</anlagen-titel>
    <anlage>
      <anlagen-titel>Anlage 1</anlagen-titel>
      <anlagen-text anlagen-typ="Liste der entschuldigten Abgeordneten">
        <p klasse="Anlage_2">Liste der entschuldigten Abgeordneten</p>
        <p klasse="J">
          <table><tbody><tr><th>Abgeordnete(r)</th><th/><th>entschuldigt bis einschließlich</th></tr><tr><td>Akbulut, Gökay</td><td>DIE LINKE</td><td>14.03.2018</td></tr><tr><td>Beutin, Lorenz Gösta</td><td>DIE LINKE</td><td>14.03.2018</td></tr><tr><td>Gerster, Martin</td><td>SPD</td><td>14.03.2018</td></tr><tr><td>Gysi, Dr. Gregor</td><td>DIE LINKE</td><td>14.03.2018</td></tr><tr><td>Held, Marcus</td><td>SPD</td><td>14.03.2018</td></tr><tr><td>Kühn (Tübingen), Christian</td><td>BÜNDNIS 90/DIE GRÜNEN</td><td>14.03.2018</td></tr><tr><td>Mihalic, Irene *</td><td>BÜNDNIS 90/DIE GRÜNEN</td><td>14.03.2018</td></tr><tr><td>Müller, Hansjörg</td><td>AfD</td><td>14.03.2018</td></tr><tr><td>Pasemann, Frank</td><td>AfD</td><td>14.03.2018</td></tr><tr><td>Remmers, Ingrid</td><td>DIE LINKE</td><td>14.03.2018</td></tr><tr><td>Schulz, Jimmy</td><td>FDP</td><td>14.03.2018</td></tr><tr><td>Tackmann, Dr. Kirsten</td><td>DIE LINKE</td><td>14.03.2018</td></tr><tr><td>Vries, Kees de</td><td>CDU/CSU</td><td>14.03.2018</td></tr><tr><td>Zdebel, Hubertus</td><td>DIE LINKE</td><td>14.03.2018</td></tr></tbody></table>
        </p>
        <p klasse="p">* aufgrund gesetzlichen Mutterschutzes</p>
      </anlagen-text>
    </anlage>
    <anlage>
      <anlagen-titel>Anlage 2</anlagen-titel>
      <anlagen-text anlagen-typ="Namensverzeichnis der Mitglieder des Deutschen Bundestages, die an der Wahl der Bundeskanzlerin teilgenommen haben  (Tagesordnungspunkt 1)">
        <p klasse="Anlage_2">Namensverzeichnis der Mitglieder des Deutschen Bundestages, die an der Wahl der Bundeskanzlerin teilgenommen haben  (Tagesordnungspunkt 1)</p>
        <p klasse="AL_Partei">CDU/CSU</p>
        <p klasse="AL_Namen">Dr. Michael von Abercron</p>
        <p klasse="AL_Namen">Stephan Albani</p>
        <p klasse="AL_Namen">Norbert Maria Altenkamp</p>
        <p klasse="AL_Namen">Peter Altmaier</p>
        <p klasse="AL_Namen">Philipp Amthor</p>
        <p klasse="AL_Namen">Artur Auernhammer</p>
        <p klasse="AL_Namen">Dorothee Bär</p>
        <p klasse="AL_Namen">Thomas Bareiß</p>
        <p klasse="AL_Namen">Norbert Barthle</p>
        <p klasse="AL_Namen">Maik Beermann</p>
        <p klasse="AL_Namen">Manfred Behrens (Börde)</p>
        <p klasse="AL_Namen">Veronika Bellmann</p>
        <p klasse="AL_Namen">Sybille Benning</p>
        <p klasse="AL_Namen">Dr. André Berghegger</p>
        <p klasse="AL_Namen">Melanie Bernstein</p>
        <p klasse="AL_Namen">Christoph Bernstiel</p>
        <p klasse="AL_Namen">Peter Beyer</p>
        <p klasse="AL_Namen">Marc Biadacz</p>
        <p klasse="AL_Namen">Steffen Bilger</p>
        <p klasse="AL_Namen">Peter Bleser</p>
        <p klasse="AL_Namen">Norbert Brackmann</p>
        <p klasse="AL_Namen">Michael Brand (Fulda)</p>
        <p klasse="AL_Namen">Dr. Reinhard Brandl</p>
        <p klasse="AL_Namen">Dr. Ralf Brauksiepe</p>
        <p klasse="AL_Namen">Dr. Helge Braun</p>
        <p klasse="AL_Namen">Silvia Breher</p>
        <p klasse="AL_Namen">Sebastian Brehm</p>
        <p klasse="AL_Namen">Heike Brehmer</p>
        <p klasse="AL_Namen">Ralph Brinkhaus</p>
        <p klasse="AL_Namen">Dr. Carsten Brodesser</p>
        <p klasse="AL_Namen">Gitta Connemann</p>
        <p klasse="AL_Namen">Astrid Damerow</p>
        <p klasse="AL_Namen">Alexander Dobrindt</p>
        <p klasse="AL_Namen">Marie-Luise Dött</p>
        <p klasse="AL_Namen">Michael Donth</p>
        <p klasse="AL_Namen">Hansjörg Durz</p>
        <p klasse="AL_Namen">Thomas Erndl</p>
        <p klasse="AL_Namen">Hermann Färber</p>
        <p klasse="AL_Namen">Uwe Feiler</p>
        <p klasse="AL_Namen">Enak Ferlemann</p>
        <p klasse="AL_Namen">Axel E. Fischer (Karlsruhe-Land)</p>
        <p klasse="AL_Namen">Dr. Maria Flachsbarth</p>
        <p klasse="AL_Namen">Thorsten Frei</p>
        <p klasse="AL_Namen">Dr. Hans-Peter Friedrich (Hof)</p>
        <p klasse="AL_Namen">Michael Frieser</p>
        <p klasse="AL_Namen">Hans-Joachim Fuchtel</p>
        <p klasse="AL_Namen">Ingo Gädechens</p>
        <p klasse="AL_Namen">Dr. Thomas Gebhart</p>
        <p klasse="AL_Namen">Alois Gerig</p>
        <p klasse="AL_Namen">Eberhard Gienger</p>
        <p klasse="AL_Namen">Eckhard Gnodtke</p>
        <p klasse="AL_Namen">Ursula Groden-Kranich</p>
        <p klasse="AL_Namen">Hermann Gröhe</p>
        <p klasse="AL_Namen">Klaus-Dieter Gröhler</p>
        <p klasse="AL_Namen">Michael Grosse-Brömer</p>
        <p klasse="AL_Namen">Astrid Grotelüschen</p>
        <p klasse="AL_Namen">Markus Grübel</p>
        <p klasse="AL_Namen">Monika Grütters</p>
        <p klasse="AL_Namen">Manfred Grund</p>
        <p klasse="AL_Namen">Oliver Grundmann</p>
        <p klasse="AL_Namen">Fritz Güntzler</p>
        <p klasse="AL_Namen">Olav Gutting</p>
        <p klasse="AL_Namen">Christian Haase</p>
        <p klasse="AL_Namen">Florian Hahn</p>
        <p klasse="AL_Namen">Dr. Stephan Harbarth</p>
        <p klasse="AL_Namen">Jürgen Hardt</p>
        <p klasse="AL_Namen">Matthias Hauer</p>
        <p klasse="AL_Namen">Mark Hauptmann</p>
        <p klasse="AL_Namen">Dr. Matthias Heider</p>
        <p klasse="AL_Namen">Mechthild Heil</p>
        <p klasse="AL_Namen">Thomas Heilmann</p>
        <p klasse="AL_Namen">Frank Heinrich (Chemnitz)</p>
        <p klasse="AL_Namen">Mark Helfrich</p>
        <p klasse="AL_Namen">Rudolf Henke</p>
        <p klasse="AL_Namen">Michael Hennrich</p>
        <p klasse="AL_Namen">Marc Henrichmann</p>
        <p klasse="AL_Namen">Ansgar Heveling</p>
        <p klasse="AL_Namen">Christian Hirte</p>
        <p klasse="AL_Namen">Dr. Heribert Hirte</p>
        <p klasse="AL_Namen">Alexander Hoffmann</p>
        <p klasse="AL_Namen">Karl Holmeier</p>
        <p klasse="AL_Namen">Dr. Hendrik Hoppenstedt</p>
        <p klasse="AL_Namen">Erich Irlstorfer</p>
        <p klasse="AL_Namen">Hans-Jürgen Irmer</p>
        <p klasse="AL_Namen">Thomas Jarzombek</p>
        <p klasse="AL_Namen">Andreas Jung</p>
        <p klasse="AL_Namen">Ingmar Jung</p>
        <p klasse="AL_Namen">Alois Karl</p>
        <p klasse="AL_Namen">Anja Karliczek</p>
        <p klasse="AL_Namen">Torbjörn Kartes</p>
        <p klasse="AL_Namen">Volker Kauder</p>
        <p klasse="AL_Namen">Dr. Stefan Kaufmann</p>
        <p klasse="AL_Namen">Ronja Kemmer</p>
        <p klasse="AL_Namen">Roderich Kiesewetter</p>
        <p klasse="AL_Namen">Michael Kießling</p>
        <p klasse="AL_Namen">Dr. Georg Kippels</p>
        <p klasse="AL_Namen">Volkmar Klein</p>
        <p klasse="AL_Namen">Axel Knoerig</p>
        <p klasse="AL_Namen">Jens Koeppen</p>
        <p klasse="AL_Namen">Carsten Körber</p>
        <p klasse="AL_Namen">Markus Koob</p>
        <p klasse="AL_Namen">Alexander Krauß<a id="S1600" name="S1600" typ="druckseitennummer"/></p>
        <p klasse="AL_Namen">Gunther Krichbaum</p>
        <p klasse="AL_Namen">Dr. Günter Krings</p>
        <p klasse="AL_Namen">Rüdiger Kruse</p>
        <p klasse="AL_Namen">Dr. Roy Kühne</p>
        <p klasse="AL_Namen">Michael Kuffer</p>
        <p klasse="AL_Namen">Andreas G. Lämmel</p>
        <p klasse="AL_Namen">Dr. Dr. h. c. Karl A. Lamers</p>
        <p klasse="AL_Namen">Katharina Landgraf</p>
        <p klasse="AL_Namen">Ulrich Lange</p>
        <p klasse="AL_Namen">Dr. Silke Launert</p>
        <p klasse="AL_Namen">Jens Lehmann</p>
        <p klasse="AL_Namen">Paul Lehrieder</p>
        <p klasse="AL_Namen">Dr. Katja Leikert</p>
        <p klasse="AL_Namen">Dr. Andreas Lenz</p>
        <p klasse="AL_Namen">Dr. Ursula von der Leyen</p>
        <p klasse="AL_Namen">Antje Lezius</p>
        <p klasse="AL_Namen">Andrea Lindholz</p>
        <p klasse="AL_Namen">Dr. Carsten Linnemann</p>
        <p klasse="AL_Namen">Patricia Lips</p>
        <p klasse="AL_Namen">Nikolas Löbel</p>
        <p klasse="AL_Namen">Bernhard Loos</p>
        <p klasse="AL_Namen">Dr. Jan-Marco Luczak</p>
        <p klasse="AL_Namen">Daniela Ludwig</p>
        <p klasse="AL_Namen">Karin Maag</p>
        <p klasse="AL_Namen">Yvonne Magwas</p>
        <p klasse="AL_Namen">Dr. Thomas de Maizière</p>
        <p klasse="AL_Namen">Dr. Astrid Mannes</p>
        <p klasse="AL_Namen">Matern von Marschall</p>
        <p klasse="AL_Namen">Hans-Georg von der Marwitz</p>
        <p klasse="AL_Namen">Andreas Mattfeldt</p>
        <p klasse="AL_Namen">Stephan Mayer (Altötting)</p>
        <p klasse="AL_Namen">Dr. Michael Meister</p>
        <p klasse="AL_Namen">Dr. Angela Merkel</p>
        <p klasse="AL_Namen">Jan Metzler</p>
        <p klasse="AL_Namen">Dr. h. c. Hans Michelbach</p>
        <p klasse="AL_Namen">Dr. Mathias Middelberg</p>
        <p klasse="AL_Namen">Karsten Möring</p>
        <p klasse="AL_Namen">Dietrich Monstadt</p>
        <p klasse="AL_Namen">Marlene Mortler</p>
        <p klasse="AL_Namen">Elisabeth Motschmann</p>
        <p klasse="AL_Namen">Axel Müller</p>
        <p klasse="AL_Namen">Dr. Gerd Müller</p>
        <p klasse="AL_Namen">Sepp Müller</p>
        <p klasse="AL_Namen">Carsten Müller (Braunschweig)</p>
        <p klasse="AL_Namen">Stefan Müller (Erlangen)</p>
        <p klasse="AL_Namen">Dr. Andreas Nick</p>
        <p klasse="AL_Namen">Petra Nicolaisen</p>
        <p klasse="AL_Namen">Michaela Noll</p>
        <p klasse="AL_Namen">Dr. Georg Nüßlein</p>
        <p klasse="AL_Namen">Wilfried Oellers</p>
        <p klasse="AL_Namen">Florian Oßner</p>
        <p klasse="AL_Namen">Josef Oster</p>
        <p klasse="AL_Namen">Henning Otte</p>
        <p klasse="AL_Namen">Sylvia Pantel</p>
        <p klasse="AL_Namen">Martin Patzelt</p>
        <p klasse="AL_Namen">Dr. Joachim Pfeiffer</p>
        <p klasse="AL_Namen">Stephan Pilsinger</p>
        <p klasse="AL_Namen">Dr. Christoph Ploß</p>
        <p klasse="AL_Namen">Eckhard Pols</p>
        <p klasse="AL_Namen">Thomas Rachel</p>
        <p klasse="AL_Namen">Kerstin Radomski</p>
        <p klasse="AL_Namen">Alexander Radwan</p>
        <p klasse="AL_Namen">Alois Rainer</p>
        <p klasse="AL_Namen">Dr. Peter Ramsauer</p>
        <p klasse="AL_Namen">Eckhardt Rehberg</p>
        <p klasse="AL_Namen">Lothar Riebsamen</p>
        <p klasse="AL_Namen">Josef Rief</p>
        <p klasse="AL_Namen">Johannes Röring</p>
        <p klasse="AL_Namen">Dr. Norbert Röttgen</p>
        <p klasse="AL_Namen">Stefan Rouenhoff</p>
        <p klasse="AL_Namen">Erwin Rüddel</p>
        <p klasse="AL_Namen">Albert Rupprecht</p>
        <p klasse="AL_Namen">Stefan Sauer</p>
        <p klasse="AL_Namen">Anita Schäfer (Saalstadt)</p>
        <p klasse="AL_Namen">Dr. Wolfgang Schäuble</p>
        <p klasse="AL_Namen">Andreas Scheuer</p>
        <p klasse="AL_Namen">Jana Schimke</p>
        <p klasse="AL_Namen">Tankred Schipanski</p>
        <p klasse="AL_Namen">Christian Schmidt (Fürth)</p>
        <p klasse="AL_Namen">Dr. Claudia Schmidtke</p>
        <p klasse="AL_Namen">Patrick Schnieder</p>
        <p klasse="AL_Namen">Nadine Schön</p>
        <p klasse="AL_Namen">Felix Schreiner</p>
        <p klasse="AL_Namen">Dr. Klaus-Peter Schulze</p>
        <p klasse="AL_Namen">Uwe Schummer</p>
        <p klasse="AL_Namen">Armin Schuster (Weil am Rhein)</p>
        <p klasse="AL_Namen">Torsten Schweiger</p>
        <p klasse="AL_Namen">Detlef Seif</p>
        <p klasse="AL_Namen">Johannes Selle</p>
        <p klasse="AL_Namen">Reinhold Sendker</p>
        <p klasse="AL_Namen">Prof. Dr. Patrick Sensburg</p>
        <p klasse="AL_Namen">Thomas Silberhorn</p>
        <p klasse="AL_Namen">Björn Simon</p>
        <p klasse="AL_Namen">Tino Sorge</p>
        <p klasse="AL_Namen">Jens Spahn</p>
        <p klasse="AL_Namen">Katrin Staffler</p>
        <p klasse="AL_Namen">Dr. Frank Steffel</p>
        <p klasse="AL_Namen">Dr. Wolfgang Stefinger</p>
        <p klasse="AL_Namen">Albert Stegemann</p>
        <p klasse="AL_Namen">Andreas Steier</p>
        <p klasse="AL_Namen">Peter Stein (Rostock)</p>
        <p klasse="AL_Namen">Sebastian Steineke</p>
        <p klasse="AL_Namen">Johannes Steiniger</p>
        <p klasse="AL_Namen">Christian Frhr. von Stetten</p>
        <p klasse="AL_Namen">Dieter Stier</p>
        <p klasse="AL_Namen">Gero Storjohann</p>
        <p klasse="AL_Namen">Stephan Stracke</p>
        <p klasse="AL_Namen">Max Straubinger</p>
        <p klasse="AL_Namen">Karin Strenz</p>
        <p klasse="AL_Namen">Michael Stübgen</p>
        <p klasse="AL_Namen">Dr. Peter Tauber</p>
        <p klasse="AL_Namen">Dr. Hermann-Josef Tebroke</p>
        <p klasse="AL_Namen">Hans-Jürgen Thies</p>
        <p klasse="AL_Namen">Alexander Throm</p>
        <p klasse="AL_Namen">Dr. Dietlind Tiemann</p>
        <p klasse="AL_Namen">Antje Tillmann</p>
        <p klasse="AL_Namen">Markus Uhl</p>
        <p klasse="AL_Namen">Dr. Volker Ullrich</p>
        <p klasse="AL_Namen">Arnold Vaatz</p>
        <p klasse="AL_Namen">Oswin Veith</p>
        <p klasse="AL_Namen">Kerstin Vieregge</p>
        <p klasse="AL_Namen">Volkmar Vogel (Kleinsaara)</p>
        <p klasse="AL_Namen">Christoph de Vries</p>
        <p klasse="AL_Namen">Dr. Johann David Wadephul</p>
        <p klasse="AL_Namen">Marco Wanderwitz</p>
        <p klasse="AL_Namen">Kai Wegner</p>
        <p klasse="AL_Namen">Dr. h. c. Albert Weiler</p>
        <p klasse="AL_Namen">Marcus Weinberg (Hamburg)</p>
        <p klasse="AL_Namen">Dr. Anja Weisgerber</p>
        <p klasse="AL_Namen">Peter Weiß (Emmendingen)</p>
        <p klasse="AL_Namen">Sabine Weiss (Wesel I)</p>
        <p klasse="AL_Namen">Ingo Wellenreuther</p>
        <p klasse="AL_Namen">Marian Wendt</p>
        <p klasse="AL_Namen">Kai Whittaker</p>
        <p klasse="AL_Namen">Annette Widmann-Mauz</p>
        <p klasse="AL_Namen">Bettina Margarethe ­Wiesmann</p>
        <p klasse="AL_Namen">Klaus-Peter Willsch</p>
        <p klasse="AL_Namen">Elisabeth Winkelmeier-Becker</p>
        <p klasse="AL_Namen">Oliver Wittke</p>
        <p klasse="AL_Namen">Emmi Zeulner</p>
        <p klasse="AL_Namen">Paul Ziemiak</p>
        <p klasse="AL_Namen">Dr. Matthias Zimmer</p>
        <p klasse="AL_Partei">SPD</p>
        <p klasse="AL_Namen">Niels Annen</p>
        <p klasse="AL_Namen">Ingrid Arndt-Brauer</p>
        <p klasse="AL_Namen">Heike Baehrens</p>
        <p klasse="AL_Namen">Ulrike Bahr</p>
        <p klasse="AL_Namen">Dr. Katarina Barley</p>
        <p klasse="AL_Namen">Doris Barnett</p>
        <p klasse="AL_Namen">Dr. Matthias Bartke</p>
        <p klasse="AL_Namen">Sören Bartol</p>
        <p klasse="AL_Namen">Bärbel Bas</p>
        <p klasse="AL_Namen">Lothar Binding (Heidelberg)</p>
        <p klasse="AL_Namen">Leni Breymaier</p>
        <p klasse="AL_Namen">Dr. Karl-Heinz Brunner</p>
        <p klasse="AL_Namen">Katrin Budde</p>
        <p klasse="AL_Namen">Marco Bülow</p>
        <p klasse="AL_Namen">Martin Burkert</p>
        <p klasse="AL_Namen">Dr. Lars Castellucci</p>
        <p klasse="AL_Namen">Bernhard Daldrup</p>
        <p klasse="AL_Namen">Dr. Daniela De Ridder</p>
        <p klasse="AL_Namen">Dr. Karamba Diaby</p>
        <p klasse="AL_Namen">Esther Dilcher</p>
        <p klasse="AL_Namen">Sabine Dittmar</p>
        <p klasse="AL_Namen">Dr. Wiebke Esdar</p>
        <p klasse="AL_Namen">Saskia Esken</p>
        <p klasse="AL_Namen">Yasmin Fahimi</p>
        <p klasse="AL_Namen">Dr. Johannes Fechner</p>
        <p klasse="AL_Namen">Dr. Fritz Felgentreu</p>
        <p klasse="AL_Namen">Dr. Edgar Franke</p>
        <p klasse="AL_Namen">Ulrich Freese</p>
        <p klasse="AL_Namen">Dagmar Freitag</p>
        <p klasse="AL_Namen">Sigmar Gabriel</p>
        <p klasse="AL_Namen">Michael Gerdes</p>
        <p klasse="AL_Namen">Martin Gerster</p>
        <p klasse="AL_Namen">Angelika Glöckner</p>
        <p klasse="AL_Namen">Timon Gremmels</p>
        <p klasse="AL_Namen">Kerstin Griese</p>
        <p klasse="AL_Namen">Uli Grötsch</p>
        <p klasse="AL_Namen">Michael Groß</p>
        <p klasse="AL_Namen">Bettina Hagedorn</p>
        <p klasse="AL_Namen">Rita Hagl-Kehl</p>
        <p klasse="AL_Namen">Metin Hakverdi</p>
        <p klasse="AL_Namen">Sebastian Hartmann</p>
        <p klasse="AL_Namen">Dirk Heidenblut</p>
        <p klasse="AL_Namen">Hubertus Heil (Peine)</p>
        <p klasse="AL_Namen">Gabriela Heinrich</p>
        <p klasse="AL_Namen">Wolfgang Hellmich</p>
        <p klasse="AL_Namen">Dr. Barbara Hendricks</p>
        <p klasse="AL_Namen">Gustav Herzog</p>
        <p klasse="AL_Namen">Gabriele Hiller-Ohm</p>
        <p klasse="AL_Namen">Thomas Hitschler</p>
        <p klasse="AL_Namen">Dr. Eva Högl</p>
        <p klasse="AL_Namen">Frank Junge</p>
        <p klasse="AL_Namen">Josip Juratovic</p>
        <p klasse="AL_Namen">Thomas Jurk</p>
        <p klasse="AL_Namen">Oliver Kaczmarek</p>
        <p klasse="AL_Namen">Johannes Kahrs</p>
        <p klasse="AL_Namen">Elisabeth Kaiser</p>
        <p klasse="AL_Namen">Ralf Kapschack</p>
        <p klasse="AL_Namen">Gabriele Katzmarek</p>
        <p klasse="AL_Namen">Ulrich Kelber</p>
        <p klasse="AL_Namen">Cansel Kiziltepe</p>
        <p klasse="AL_Namen">Arno Klare</p>
        <p klasse="AL_Namen">Lars Klingbeil</p>
        <p klasse="AL_Namen">Dr. Bärbel Kofler</p>
        <p klasse="AL_Namen">Daniela Kolbe</p>
        <p klasse="AL_Namen">Elvan Korkmaz</p>
        <p klasse="AL_Namen">Anette Kramme</p>
        <p klasse="AL_Namen">Christine Lambrecht</p>
        <p klasse="AL_Namen">Christian Lange (Backnang)</p>
        <p klasse="AL_Namen">Dr. Karl Lauterbach</p>
        <p klasse="AL_Namen">Helge Lindh</p>
        <p klasse="AL_Namen">Burkhard Lischka</p>
        <p klasse="AL_Namen">Kirsten Lühmann</p>
        <p klasse="AL_Namen">Heiko Maas</p>
        <p klasse="AL_Namen">Caren Marks</p>
        <p klasse="AL_Namen">Katja Mast</p>
        <p klasse="AL_Namen">Christoph Matschie<a id="S1601" name="S1601" typ="druckseitennummer"/></p>
        <p klasse="AL_Namen">Hilde Mattheis</p>
        <p klasse="AL_Namen">Dr. Matthias Miersch</p>
        <p klasse="AL_Namen">Klaus Mindrup</p>
        <p klasse="AL_Namen">Susanne Mittag</p>
        <p klasse="AL_Namen">Siemtje Möller</p>
        <p klasse="AL_Namen">Falko Mohrs</p>
        <p klasse="AL_Namen">Claudia Moll</p>
        <p klasse="AL_Namen">Bettina Müller</p>
        <p klasse="AL_Namen">Detlef Müller (Chemnitz)</p>
        <p klasse="AL_Namen">Michelle Müntefering</p>
        <p klasse="AL_Namen">Dr. Rolf Mützenich</p>
        <p klasse="AL_Namen">Andrea Nahles</p>
        <p klasse="AL_Namen">Dietmar Nietan</p>
        <p klasse="AL_Namen">Ulli Nissen</p>
        <p klasse="AL_Namen">Mahmut Özdemir (Duisburg)</p>
        <p klasse="AL_Namen">Aydan Özoğuz</p>
        <p klasse="AL_Namen">Thomas Oppermann</p>
        <p klasse="AL_Namen">Josephine Ortleb</p>
        <p klasse="AL_Namen">Christian Petry</p>
        <p klasse="AL_Namen">Detlev Pilger</p>
        <p klasse="AL_Namen">Sabine Poschmann</p>
        <p klasse="AL_Namen">Florian Post</p>
        <p klasse="AL_Namen">Achim Post (Minden)</p>
        <p klasse="AL_Namen">Florian Pronold</p>
        <p klasse="AL_Namen">Dr. Sascha Raabe</p>
        <p klasse="AL_Namen">Martin Rabanus</p>
        <p klasse="AL_Namen">Andreas Rimkus</p>
        <p klasse="AL_Namen">Sönke Rix</p>
        <p klasse="AL_Namen">René Röspel</p>
        <p klasse="AL_Namen">Dennis Rohde</p>
        <p klasse="AL_Namen">Dr. Martin Rosemann</p>
        <p klasse="AL_Namen">Dr. Ernst Dieter Rossmann</p>
        <p klasse="AL_Namen">Michael Roth (Heringen)</p>
        <p klasse="AL_Namen">Susann Rüthrich</p>
        <p klasse="AL_Namen">Bernd Rützel</p>
        <p klasse="AL_Namen">Sarah Ryglewski</p>
        <p klasse="AL_Namen">Johann Saathoff</p>
        <p klasse="AL_Namen">Axel Schäfer (Bochum)</p>
        <p klasse="AL_Namen">Dr. Nina Scheer</p>
        <p klasse="AL_Namen">Marianne Schieder</p>
        <p klasse="AL_Namen">Udo Schiefner</p>
        <p klasse="AL_Namen">Dr. Nils Schmid</p>
        <p klasse="AL_Namen">Uwe Schmidt</p>
        <p klasse="AL_Namen">Ulla Schmidt (Aachen)</p>
        <p klasse="AL_Namen">Dagmar Schmidt (Wetzlar)</p>
        <p klasse="AL_Namen">Carsten Schneider (Erfurt)</p>
        <p klasse="AL_Namen">Johannes Schraps</p>
        <p klasse="AL_Namen">Michael Schrodi</p>
        <p klasse="AL_Namen">Dr. Manja Schüle</p>
        <p klasse="AL_Namen">Ursula Schulte</p>
        <p klasse="AL_Namen">Martin Schulz</p>
        <p klasse="AL_Namen">Swen Schulz (Spandau)</p>
        <p klasse="AL_Namen">Frank Schwabe</p>
        <p klasse="AL_Namen">Stefan Schwartze</p>
        <p klasse="AL_Namen">Andreas Schwarz</p>
        <p klasse="AL_Namen">Rita Schwarzelühr-Sutter</p>
        <p klasse="AL_Namen">Rainer Spiering</p>
        <p klasse="AL_Namen">Svenja Stadler</p>
        <p klasse="AL_Namen">Martina Stamm-Fibich</p>
        <p klasse="AL_Namen">Sonja Amalie Steffen</p>
        <p klasse="AL_Namen">Mathias Stein</p>
        <p klasse="AL_Namen">Kerstin Tack</p>
        <p klasse="AL_Namen">Claudia Tausend</p>
        <p klasse="AL_Namen">Michael Thews</p>
        <p klasse="AL_Namen">Markus Töns</p>
        <p klasse="AL_Namen">Carsten Träger</p>
        <p klasse="AL_Namen">Marja-Liisa Völlers</p>
        <p klasse="AL_Namen">Dirk Vöpel</p>
        <p klasse="AL_Namen">Ute Vogt</p>
        <p klasse="AL_Namen">Gabi Weber</p>
        <p klasse="AL_Namen">Bernd Westphal</p>
        <p klasse="AL_Namen">Dirk Wiese</p>
        <p klasse="AL_Namen">Gülistan Yüksel</p>
        <p klasse="AL_Namen">Dagmar Ziegler</p>
        <p klasse="AL_Namen">Stefan Zierke</p>
        <p klasse="AL_Namen">Dr. Jens Zimmermann</p>
        <p klasse="AL_Partei">AfD</p>
        <p klasse="AL_Namen">Dr. Bernd Baumann</p>
        <p klasse="AL_Namen">Marc Bernhard</p>
        <p klasse="AL_Namen">Andreas Bleck</p>
        <p klasse="AL_Namen">Peter Boehringer</p>
        <p klasse="AL_Namen">Stephan Brandner</p>
        <p klasse="AL_Namen">Jürgen Braun</p>
        <p klasse="AL_Namen">Marcus Bühl</p>
        <p klasse="AL_Namen">Matthias Büttner</p>
        <p klasse="AL_Namen">Petr Bystron</p>
        <p klasse="AL_Namen">Tino Chrupalla</p>
        <p klasse="AL_Namen">Joana Cotar</p>
        <p klasse="AL_Namen">Dr. Gottfried Curio</p>
        <p klasse="AL_Namen">Siegbert Droese</p>
        <p klasse="AL_Namen">Thomas Ehrhorn</p>
        <p klasse="AL_Namen">Berengar Elsner von Gronow</p>
        <p klasse="AL_Namen">Dr. Michael Espendiller</p>
        <p klasse="AL_Namen">Peter Felser</p>
        <p klasse="AL_Namen">Dietmar Friedhoff</p>
        <p klasse="AL_Namen">Dr. Anton Friesen</p>
        <p klasse="AL_Namen">Dr. Götz Frömming</p>
        <p klasse="AL_Namen">Markus Frohnmaier</p>
        <p klasse="AL_Namen">Dr. Alexander Gauland</p>
        <p klasse="AL_Namen">Prof. Dr. Axel Gehrke</p>
        <p klasse="AL_Namen">Albrecht Glaser</p>
        <p klasse="AL_Namen">Franziska Gminder</p>
        <p klasse="AL_Namen">Wilhelm von Gottberg</p>
        <p klasse="AL_Namen">Kay Gottschalk</p>
        <p klasse="AL_Namen">Armin-Paulus Hampel</p>
        <p klasse="AL_Namen">Mariana Iris Harder-Kühnel</p>
        <p klasse="AL_Namen">Verena Hartmann</p>
        <p klasse="AL_Namen">Dr. Roland Hartwig</p>
        <p klasse="AL_Namen">Jochen Haug</p>
        <p klasse="AL_Namen">Martin Hebner</p>
        <p klasse="AL_Namen">Udo Theodor Hemmelgarn</p>
        <p klasse="AL_Namen">Waldemar Herdt</p>
        <p klasse="AL_Namen">Lars Herrmann</p>
        <p klasse="AL_Namen">Martin Hess</p>
        <p klasse="AL_Namen">Dr. Heiko Heßenkemper</p>
        <p klasse="AL_Namen">Karsten Hilse</p>
        <p klasse="AL_Namen">Nicole Höchst</p>
        <p klasse="AL_Namen">Martin Hohmann</p>
        <p klasse="AL_Namen">Dr. Bruno Hollnagel</p>
        <p klasse="AL_Namen">Leif-Erik Holm</p>
        <p klasse="AL_Namen">Johannes Huber</p>
        <p klasse="AL_Namen">Fabian Jacobi</p>
        <p klasse="AL_Namen">Dr. Marc Jongen</p>
        <p klasse="AL_Namen">Uwe Kamann</p>
        <p klasse="AL_Namen">Jens Kestner</p>
        <p klasse="AL_Namen">Stefan Keuter</p>
        <p klasse="AL_Namen">Norbert Kleinwächter</p>
        <p klasse="AL_Namen">Jörn König</p>
        <p klasse="AL_Namen">Enrico Komning</p>
        <p klasse="AL_Namen">Steffen Kotré</p>
        <p klasse="AL_Namen">Dr. Rainer Kraft</p>
        <p klasse="AL_Namen">Rüdiger Lucassen</p>
        <p klasse="AL_Namen">Frank Magnitz</p>
        <p klasse="AL_Namen">Jens Maier</p>
        <p klasse="AL_Namen">Dr. Lothar Maier</p>
        <p klasse="AL_Namen">Dr. Birgit Malsack-­Winkemann</p>
        <p klasse="AL_Namen">Corinna Miazga</p>
        <p klasse="AL_Namen">Andreas Mrosek</p>
        <p klasse="AL_Namen">Volker Münz</p>
        <p klasse="AL_Namen">Sebastian Münzenmaier</p>
        <p klasse="AL_Namen">Christoph Neumann</p>
        <p klasse="AL_Namen">Jan Ralf Nolte</p>
        <p klasse="AL_Namen">Ulrich Oehme</p>
        <p klasse="AL_Namen">Gerold Otten</p>
        <p klasse="AL_Namen">Tobias Matthias Peterka</p>
        <p klasse="AL_Namen">Paul Viktor Podolay</p>
        <p klasse="AL_Namen">Jürgen Pohl</p>
        <p klasse="AL_Namen">Stephan Protschka</p>
        <p klasse="AL_Namen">Martin Reichardt</p>
        <p klasse="AL_Namen">Martin Erwin Renner</p>
        <p klasse="AL_Namen">Roman Johannes Reusch</p>
        <p klasse="AL_Namen">Ulrike Schielke-Ziesing</p>
        <p klasse="AL_Namen">Dr. Robby Schlund</p>
        <p klasse="AL_Namen">Jörg Schneider</p>
        <p klasse="AL_Namen">Uwe Schulz</p>
        <p klasse="AL_Namen">Thomas Seitz</p>
        <p klasse="AL_Namen">Martin Sichert</p>
        <p klasse="AL_Namen">Detlev Spangenberg</p>
        <p klasse="AL_Namen">Dr. Dirk Spaniel</p>
        <p klasse="AL_Namen">René Springer</p>
        <p klasse="AL_Namen">Beatrix von Storch</p>
        <p klasse="AL_Namen">Dr. Alice Weidel</p>
        <p klasse="AL_Namen">Dr. Harald Weyel</p>
        <p klasse="AL_Namen">Wolfgang Wiehle</p>
        <p klasse="AL_Namen">Dr. Heiko Wildberg</p>
        <p klasse="AL_Namen">Dr. Christian Wirth</p>
        <p klasse="AL_Namen">Uwe Witt</p>
        <p klasse="AL_Partei">FDP</p>
        <p klasse="AL_Namen">Grigorios Aggelidis</p>
        <p klasse="AL_Namen">Renata Alt</p>
        <p klasse="AL_Namen">Christine Aschenberg-­Dugnus</p>
        <p klasse="AL_Namen">Nicole Bauer</p>
        <p klasse="AL_Namen">Jens Beeck</p>
        <p klasse="AL_Namen">Nicola Beer</p>
        <p klasse="AL_Namen">Mario Brandenburg</p>
        <p klasse="AL_Namen">Dr. Jens Brandenburg (Rhein-Neckar)</p>
        <p klasse="AL_Namen">Dr. Marco Buschmann</p>
        <p klasse="AL_Namen">Karlheinz Busen</p>
        <p klasse="AL_Namen">Carl-Julius Cronenberg</p>
        <p klasse="AL_Namen">Britta Katharina Dassler</p>
        <p klasse="AL_Namen">Bijan Djir-Sarai</p>
        <p klasse="AL_Namen">Christian Dürr</p>
        <p klasse="AL_Namen">Hartmut Ebbing</p>
        <p klasse="AL_Namen">Dr. Marcus Faber</p>
        <p klasse="AL_Namen">Daniel Föst</p>
        <p klasse="AL_Namen">Otto Fricke</p>
        <p klasse="AL_Namen">Thomas Hacker</p>
        <p klasse="AL_Namen">Katrin Helling-Plahr</p>
        <p klasse="AL_Namen">Markus Herbrand</p>
        <p klasse="AL_Namen">Torsten Herbst</p>
        <p klasse="AL_Namen">Katja Hessel</p>
        <p klasse="AL_Namen">Dr. Gero Clemens Hocker</p>
        <p klasse="AL_Namen">Manuel Höferlin</p>
        <p klasse="AL_Namen">Dr. Christoph Hoffmann</p>
        <p klasse="AL_Namen">Reinhard Houben</p>
        <p klasse="AL_Namen">Ulla Ihnen</p>
        <p klasse="AL_Namen">Olaf in der Beek</p>
        <p klasse="AL_Namen">Gyde Jensen</p>
        <p klasse="AL_Namen">Dr. Christian Jung</p>
        <p klasse="AL_Namen">Thomas L. Kemmerich</p>
        <p klasse="AL_Namen">Karsten Klein</p>
        <p klasse="AL_Namen">Dr. Marcel Klinge</p>
        <p klasse="AL_Namen">Katharina Kloke</p>
        <p klasse="AL_Namen">Daniela Kluckert</p>
        <p klasse="AL_Namen">Pascal Kober</p>
        <p klasse="AL_Namen">Dr. Lukas Köhler</p>
        <p klasse="AL_Namen">Carina Konrad</p>
        <p klasse="AL_Namen">Wolfgang Kubicki</p>
        <p klasse="AL_Namen">Konstantin Kuhle</p>
        <p klasse="AL_Namen">Alexander Kulitz</p>
        <p klasse="AL_Namen">Alexander Graf Lambsdorff</p>
        <p klasse="AL_Namen">Ulrich Lechte</p>
        <p klasse="AL_Namen">Christian Lindner</p>
        <p klasse="AL_Namen">Michael Link (Heilbronn)</p>
        <p klasse="AL_Namen">Oliver Luksic</p>
        <p klasse="AL_Namen">Till Mansmann</p>
        <p klasse="AL_Namen">Dr. Jürgen Martens</p>
        <p klasse="AL_Namen">Christoph Meyer</p>
        <p klasse="AL_Namen">Alexander Müller</p>
        <p klasse="AL_Namen">Roman Müller-Böhm</p>
        <p klasse="AL_Namen">Frank Müller-Rosentritt</p>
        <p klasse="AL_Namen">Dr. Martin Neumann (Lausitz)</p>
        <p klasse="AL_Namen">Hagen Reinhold</p>
        <p klasse="AL_Namen">Bernd Reuther</p>
        <p klasse="AL_Namen">Dr. Stefan Ruppert</p>
        <p klasse="AL_Namen">Dr. h. c. Thomas Sattelberger</p>
        <p klasse="AL_Namen">Christian Sauter</p>
        <p klasse="AL_Namen">Frank Schäffler</p>
        <p klasse="AL_Namen">Dr. Wieland Schinnenburg</p>
        <p klasse="AL_Namen">Matthias Seestern-Pauly</p>
        <p klasse="AL_Namen">Frank Sitta</p>
        <p klasse="AL_Namen">Judith Skudelny</p>
        <p klasse="AL_Namen">Dr. Hermann Otto Solms</p>
        <p klasse="AL_Namen">Bettina Stark-Watzinger</p>
        <p klasse="AL_Namen">Dr. Marie-Agnes Strack-Zimmermann</p>
        <p klasse="AL_Namen">Benjamin Strasser</p>
        <p klasse="AL_Namen">Katja Suding</p>
        <p klasse="AL_Namen">Linda Teuteberg</p>
        <p klasse="AL_Namen">Michael Theurer</p>
        <p klasse="AL_Namen">Stephan Thomae</p>
        <p klasse="AL_Namen">Manfred Todtenhausen</p>
        <p klasse="AL_Namen">Dr. Florian Toncar</p>
        <p klasse="AL_Namen">Dr. Andrew Ullmann</p>
        <p klasse="AL_Namen">Gerald Ullrich</p>
        <p klasse="AL_Namen">Johannes Vogel (Olpe)</p>
        <p klasse="AL_Namen">Sandra Weeser</p>
        <p klasse="AL_Namen">Nicole Westig</p>
        <p klasse="AL_Partei">DIE LINKE.</p>
        <p klasse="AL_Namen">Doris Achelwilm</p>
        <p klasse="AL_Namen">Simone Barrientos</p>
        <p klasse="AL_Namen">Dr. Dietmar Bartsch</p>
        <p klasse="AL_Namen">Matthias W. Birkwald</p>
        <p klasse="AL_Namen">Heidrun Bluhm</p>
        <p klasse="AL_Namen">Michel Brandt</p>
        <p klasse="AL_Namen">Christine Buchholz</p>
        <p klasse="AL_Namen">Birke Bull-Bischoff</p>
        <p klasse="AL_Namen">Jörg Cezanne</p>
        <p klasse="AL_Namen">Sevim Dağdelen</p>
        <p klasse="AL_Namen">Fabio De Masi</p>
        <p klasse="AL_Namen">Dr. Diether Dehm</p>
        <p klasse="AL_Namen">Anke Domscheit-Berg</p>
        <p klasse="AL_Namen">Klaus Ernst</p>
        <p klasse="AL_Namen">Susanne Ferschl</p>
        <p klasse="AL_Namen">Brigitte Freihold</p>
        <p klasse="AL_Namen">Sylvia Gabelmann</p>
        <p klasse="AL_Namen">Nicole Gohlke</p>
        <p klasse="AL_Namen">Heike Hänsel</p>
        <p klasse="AL_Namen">Dr. André Hahn</p>
        <p klasse="AL_Namen">Matthias Höhn</p>
        <p klasse="AL_Namen">Andrej Hunko</p>
        <p klasse="AL_Namen">Ulla Jelpke</p>
        <p klasse="AL_Namen">Kerstin Kassner</p>
        <p klasse="AL_Namen">Dr. Achim Kessler</p>
        <p klasse="AL_Namen">Katja Kipping</p>
        <p klasse="AL_Namen">Jan Korte</p>
        <p klasse="AL_Namen">Jutta Krellmann</p>
        <p klasse="AL_Namen">Caren Lay</p>
        <p klasse="AL_Namen">Ralph Lenkert</p>
        <p klasse="AL_Namen">Stefan Liebich</p>
        <p klasse="AL_Namen">Dr. Gesine Lötzsch</p>
        <p klasse="AL_Namen">Thomas Lutze</p>
        <p klasse="AL_Namen">Pascal Meiser</p>
        <p klasse="AL_Namen">Cornelia Möhring</p>
        <p klasse="AL_Namen">Amira Mohamed Ali</p>
        <p klasse="AL_Namen">Niema Movassat</p>
        <p klasse="AL_Namen">Norbert Müller (Potsdam)</p>
        <p klasse="AL_Namen">Zaklin Nastic</p>
        <p klasse="AL_Namen">Dr. Alexander S. Neu</p>
        <p klasse="AL_Namen">Thomas Nord</p>
        <p klasse="AL_Namen">Petra Pau</p>
        <p klasse="AL_Namen">Sören Pellmann</p>
        <p klasse="AL_Namen">Victor Perli</p>
        <p klasse="AL_Namen">Tobias Pflüger</p>
        <p klasse="AL_Namen">Martina Renner</p>
        <p klasse="AL_Namen">Bernd Riexinger</p>
        <p klasse="AL_Namen">Eva-Maria Elisabeth Schreiber</p>
        <p klasse="AL_Namen">Dr. Petra Sitte</p>
        <p klasse="AL_Namen">Helin Evrim Sommer</p>
        <p klasse="AL_Namen">Kersten Steinke</p>
        <p klasse="AL_Namen">Friedrich Straetmanns</p>
        <p klasse="AL_Namen">Jessica Tatti</p>
        <p klasse="AL_Namen">Alexander Ulrich</p>
        <p klasse="AL_Namen">Kathrin Vogler</p>
        <p klasse="AL_Namen">Dr. Sahra Wagenknecht</p>
        <p klasse="AL_Namen">Andreas Wagner</p>
        <p klasse="AL_Namen">Harald Weinberg</p>
        <p klasse="AL_Namen">Katrin Werner</p>
        <p klasse="AL_Namen">Pia Zimmermann</p>
        <p klasse="AL_Namen">Sabine Zimmermann (Zwickau)</p>
        <p klasse="AL_Partei">BÜNDNIS 90/ DIE GRÜNEN</p>
        <p klasse="AL_Namen">Luise Amtsberg</p>
        <p klasse="AL_Namen">Kerstin Andreae</p>
        <p klasse="AL_Namen">Lisa Badum</p>
        <p klasse="AL_Namen">Annalena Baerbock</p>
        <p klasse="AL_Namen">Margarete Bause</p>
        <p klasse="AL_Namen">Dr. Danyal Bayaz</p>
        <p klasse="AL_Namen">Canan Bayram</p>
        <p klasse="AL_Namen">Dr. Franziska Brantner</p>
        <p klasse="AL_Namen">Agnieszka Brugger</p>
        <p klasse="AL_Namen">Dr. Anna Christmann</p>
        <p klasse="AL_Namen">Ekin Deligöz</p>
        <p klasse="AL_Namen">Katja Dörner</p>
        <p klasse="AL_Namen">Katharina Dröge</p>
        <p klasse="AL_Namen">Harald Ebner</p>
        <p klasse="AL_Namen">Matthias Gastel</p>
        <p klasse="AL_Namen">Kai Gehring</p>
        <p klasse="AL_Namen">Stefan Gelbhaar</p>
        <p klasse="AL_Namen">Katrin Göring-Eckardt</p>
        <p klasse="AL_Namen">Erhard Grundl</p>
        <p klasse="AL_Namen">Anja Hajduk</p>
        <p klasse="AL_Namen">Britta Haßelmann</p>
        <p klasse="AL_Namen">Dr. Bettina Hoffmann</p>
        <p klasse="AL_Namen">Dr. Anton Hofreiter</p>
        <p klasse="AL_Namen">Ottmar von Holtz</p>
        <p klasse="AL_Namen">Dieter Janecek</p>
        <p klasse="AL_Namen">Dr. Kirsten Kappert-Gonther</p>
        <p klasse="AL_Namen">Uwe Kekeritz</p>
        <p klasse="AL_Namen">Katja Keul</p>
        <p klasse="AL_Namen">Sven-Christian Kindler</p>
        <p klasse="AL_Namen">Maria Klein-Schmeink</p>
        <p klasse="AL_Namen">Sylvia Kotting-Uhl</p>
        <p klasse="AL_Namen">Oliver Krischer</p>
        <p klasse="AL_Namen">Stephan Kühn (Dresden)</p>
        <p klasse="AL_Namen">Christian Kühn (Tübingen)</p>
        <p klasse="AL_Namen">Renate Künast</p>
        <p klasse="AL_Namen">Markus Kurth</p>
        <p klasse="AL_Namen">Monika Lazar</p>
        <p klasse="AL_Namen">Sven Lehmann</p>
        <p klasse="AL_Namen">Steffi Lemke</p>
        <p klasse="AL_Namen">Dr. Tobias Lindner</p>
        <p klasse="AL_Namen">Claudia Müller</p>
        <p klasse="AL_Namen">Beate Müller-Gemmeke</p>
        <p klasse="AL_Namen">Ingrid Nestle</p>
        <p klasse="AL_Namen">Dr. Konstantin von Notz</p>
        <p klasse="AL_Namen">Omid Nouripour</p>
        <p klasse="AL_Namen">Cem Özdemir</p>
        <p klasse="AL_Namen">Friedrich Ostendorff</p>
        <p klasse="AL_Namen">Lisa Paus</p>
        <p klasse="AL_Namen">Filiz Polat</p>
        <p klasse="AL_Namen">Tabea Rößner</p>
        <p klasse="AL_Namen">Claudia Roth (Augsburg)</p>
        <p klasse="AL_Namen">Dr. Manuela Rottmann</p>
        <p klasse="AL_Namen">Corinna Rüffer</p>
        <p klasse="AL_Namen">Manuel Sarrazin</p>
        <p klasse="AL_Namen">Ulle Schauws</p>
        <p klasse="AL_Namen">Dr. Gerhard Schick</p>
        <p klasse="AL_Namen">Dr. Frithjof Schmidt</p>
        <p klasse="AL_Namen">Stefan Schmidt</p>
        <p klasse="AL_Namen">Kordula Schulz-Asche</p>
        <p klasse="AL_Namen">Dr. Wolfgang Strengmann-Kuhn</p>
        <p klasse="AL_Namen">Margit Stumpp</p>
        <p klasse="AL_Namen">Markus Tressel</p>
        <p klasse="AL_Namen">Jürgen Trittin</p>
        <p klasse="AL_Namen">Dr. Julia Verlinden</p>
        <p klasse="AL_Namen">Daniela Wagner</p>
        <p klasse="AL_Namen">Beate Walter-Rosenheimer</p>
        <p klasse="AL_Partei">Fraktionslos</p>
        <p klasse="AL_Namen">Mario Mieruch</p>
        <p klasse="AL_Namen">Dr. Frauke Petry<a id="S1602" name="S1602" typ="druckseitennummer"/></p>
        <p klasse="p">Abgeordnete, die sich wegen gesetzlichen Mutterschutzes für ihre Abwesenheit entschuldigt haben, sind in der Liste der entschuldigten Abgeordneten (Anlage 1) aufgeführt.</p>
      </anlagen-text>
    </anlage>
  </anlagen>
  <rednerliste sitzung-datum="14.03.2018">
    <redner id="11001938">
      <name>
        <vorname>Dr. Wolfgang</vorname>
        <nachname>Schäuble</nachname>
        <rolle><rolle_lang>Präsident Dr. Wolfgang Schäuble</rolle_lang><rolle_kurz>Präsident Dr. Wolfgang Schäuble</rolle_kurz></rolle>
      </name>
    </redner>
    <redner id="11001478">
      <name>
        <titel>Dr.</titel>
        <vorname>Angela</vorname>
        <nachname>Merkel</nachname>
        <fraktion>CDU/CSU</fraktion>
      </name>
    </redner>
    <redner id="999990073">
      <name>
        <vorname>Olaf</vorname>
        <nachname>Scholz</nachname>
        <rolle><rolle_lang>Bundesminister der Finanzen</rolle_lang><rolle_kurz>Bundesminister der Finanzen</rolle_kurz></rolle>
      </name>
    </redner>
    <redner id="999990075">
      <name>
        <vorname>Horst</vorname>
        <nachname>Seehofer</nachname>
        <rolle><rolle_lang>Bundesminister des Innern, für Bau und Heimat</rolle_lang><rolle_kurz>Bundesminister des Innern, für Bau und Heimat</rolle_kurz></rolle>
      </name>
    </redner>
    <redner id="11004809">
      <name>
        <vorname>Heiko</vorname>
        <nachname>Maas</nachname>
        <rolle><rolle_lang>Bundesminister des Auswärtigen</rolle_lang><rolle_kurz>Bundesminister des Auswärtigen</rolle_kurz></rolle>
      </name>
    </redner>
    <redner id="11002617">
      <name>
        <vorname>Peter</vorname>
        <nachname>Altmaier</nachname>
        <rolle><rolle_lang>Bundesminister für Wirtschaft und Energie</rolle_lang><rolle_kurz>Bundesminister für Wirtschaft und Energie</rolle_kurz></rolle>
      </name>
    </redner>
    <redner id="11004247">
      <name>
        <titel>Dr.</titel>
        <vorname>Katarina</vorname>
        <nachname>Barley</nachname>
        <rolle><rolle_lang>Bundesministerin der Justiz und für Verbraucherschutz</rolle_lang><rolle_kurz>Bundesministerin der Justiz und für Verbraucherschutz</rolle_kurz></rolle>
      </name>
    </redner>
    <redner id="11003142">
      <name>
        <vorname>Hubertus</vorname>
        <nachname>Heil</nachname>
        <ortszusatz>(Peine)</ortszusatz>
        <rolle><rolle_lang>Bundesminister für Arbeit und Soziales</rolle_lang><rolle_kurz>Bundesminister für Arbeit und Soziales</rolle_kurz></rolle>
      </name>
    </redner>
    <redner id="11004092">
      <name>
        <titel>Dr.</titel>
        <vorname>Ursula</vorname>
        <nachname>Leyen</nachname>
        <namenszusatz>von der</namenszusatz>
        <rolle><rolle_lang>Bundesministerin der Verteidigung</rolle_lang><rolle_kurz>Bundesministerin der Verteidigung</rolle_kurz></rolle>
      </name>
    </redner>
    <redner id="999990072">
      <name>
        <vorname>Julia</vorname>
        <nachname>Klöckner</nachname>
        <rolle><rolle_lang>Bundesministerin für Ernährung und Landwirtschaft</rolle_lang><rolle_kurz>Bundesministerin für Ernährung und Landwirtschaft</rolle_kurz></rolle>
      </name>
    </redner>
    <redner id="999990071">
      <name>
        <titel>Dr.</titel>
        <vorname>Franziska</vorname>
        <nachname>Giffey</nachname>
        <rolle><rolle_lang>Bundesministerin für Familie, Senioren, Frauen und Jugend</rolle_lang><rolle_kurz>Bundesministerin für Familie, Senioren, Frauen und Jugend</rolle_kurz></rolle>
      </name>
    </redner>
    <redner id="11003638">
      <name>
        <vorname>Jens</vorname>
        <nachname>Spahn</nachname>
        <rolle><rolle_lang>Bundesminister für Gesundheit</rolle_lang><rolle_kurz>Bundesminister für Gesundheit .</rolle_kurz></rolle>
      </name>
    </redner>
    <redner id="11003625">
      <name>
        <vorname>Andreas</vorname>
        <nachname>Scheuer</nachname>
        <rolle><rolle_lang>Bundesminister für Verkehr und digitale Infrastruktur</rolle_lang><rolle_kurz>Bundesminister für Verkehr und digitale Infrastruktur</rolle_kurz></rolle>
      </name>
    </redner>
    <redner id="999990074">
      <name>
        <vorname>Svenja</vorname>
        <nachname>Schulze</nachname>
        <rolle><rolle_lang>Bundesministerin für Umwelt, Naturschutz und nukleare Sicherheit</rolle_lang><rolle_kurz>Bundesministerin für Umwelt, Naturschutz und nukleare Sicherheit</rolle_kurz></rolle>
      </name>
    </redner>
    <redner id="11004323">
      <name>
        <vorname>Anja</vorname>
        <nachname>Karliczek</nachname>
        <rolle><rolle_lang>Bundesministerin für Bildung und Forschung</rolle_lang><rolle_kurz>Bundesministerin für Bildung und Forschung</rolle_kurz></rolle>
      </name>
    </redner>
    <redner id="11002742">
      <name>
        <titel>Dr.</titel>
        <vorname>Gerd</vorname>
        <nachname>Müller</nachname>
        <rolle><rolle_lang>Bundesminister für wirtschaftliche Zusammenarbeit und Entwicklung</rolle_lang><rolle_kurz>Bundesminister für wirtschaftliche Zusammenarbeit und Entwicklung</rolle_kurz></rolle>
      </name>
    </redner>
    <redner id="11003510">
      <name>
        <titel>Dr.</titel>
        <vorname>Helge</vorname>
        <nachname>Braun</nachname>
        <rolle><rolle_lang>Bundesminister für besondere Aufgaben</rolle_lang><rolle_kurz>Bundesminister für besondere Aufgaben</rolle_kurz></rolle>
      </name>
    </redner>
  </rednerliste>
</dbtplenarprotokoll>
